question_ID,question,context1,context2,answer1,answer2,contradictType,samepassage,merged_context,ref_answer,WikipediaArticleTitle,url
1,"Which of the following are present in Nymphaea nouchali var. caerulea: apomorphine, aporphine, or neither?",Apomorphine is said to be main psychoactive compound present.,"Like other species in the genus, Nymphaea nouchali var. caerulea contains the psychoactive alkaloid aporphine (not to be confused with apomorphine, a metabolic product of aporphine).",Apomorphine,Aporphine,Implicit (reasoning required),Different,"Apomorphine is said to be main psychoactive compound present.
Like other species in the genus, Nymphaea nouchali var. caerulea contains the psychoactive alkaloid aporphine (not to be confused with apomorphine, a metabolic product of aporphine).",Apomorphine|Aporphine,Nymphaea nouchali var. caerulea,https://en.wikipedia.org/wiki/Nymphaea_nouchali_var._caerulea
2,Are there any other missiles besides the P-500 Bazalt that influenced the design of P-700 Granit missile?,The P-700 was derived from the P-500 Bazalt missile with a turbojet.,The missile was partially derived from the P-500 Bazalt.,No.,Yes.,Explicit,Different,"The P-700 was derived from the P-500 Bazalt missile with a turbojet.
The missile was partially derived from the P-500 Bazalt.",No.|Yes.,P-700 Granit,https://en.wikipedia.org/wiki/P-700_Granit
3,Did the formation of the grooves on Phobos occur as a single event?,"The model designed in 2015 supported the discovery that some of the grooves are younger than others, implying that the process that produces the grooves is ongoing.","In November 2018, following further computational probability analysis, astronomers concluded that the many grooves on Phobos were caused by boulders, ejected from the asteroid impact that created Stickney crater. These boulders rolled in a predictable pattern on the surface of the moon.",No.,Yes.,Implicit (reasoning required),Different,"The model designed in 2015 supported the discovery that some of the grooves are younger than others, implying that the process that produces the grooves is ongoing.
In November 2018, following further computational probability analysis, astronomers concluded that the many grooves on Phobos were caused by boulders, ejected from the asteroid impact that created Stickney crater. These boulders rolled in a predictable pattern on the surface of the moon.",No.|Yes.,Phobos (moon),https://en.wikipedia.org/wiki/Phobos_(moon)
4,Did Bishop Heber meet D’Oyly in the 1840s in Patna ?,"Bishop Heber, who visited Patna in the 1840s, described Charles D'Oyly as the “best gentleman artist I ever met”.","After working for the Company for forty years, Charles D'Oyly's failing health compelled him to retire and leave India in 1838",Yes,No,Implicit (reasoning required),Different,"Bishop Heber, who visited Patna in the 1840s, described Charles D'Oyly as the “best gentleman artist I ever met”.
After working for the Company for forty years, Charles D'Oyly's failing health compelled him to retire and leave India in 1838",Yes|No,Charles D'Oyly,https://en.wikipedia.org/wiki/Charles_D'Oyly
5,What year did President Oler take the stand in court?,"President Wesley M. Oler took the stand for the company in 1911 when detectives traveled to Rockland Lake to find the icehouses packed with ice but no workers to load the product onto barges to New York City. The lack of workers had to do with the two dollars they were getting paid when small, independent companies were paying double what bigger companies like Knickerbocker were paying their employees. Oler took to the stand to tell the court he was paying his workers properly and was even paying them extra for the work they did on Sundays, but the workers rebelled. When detectives dug deeper into the situation, they discovered Oler secretly made deals with other companies to purchase ice when they were suffering from deficiencies. Oler came up with numerous excuses why he was conducting the Knickerbocker Ice Company’s business in such a way. Oler explained it was cheaper to transport ice in smaller quantities to meet the demands of clients than to purchase more rail cars and transport everything at once. Also, the 1890s was an exceptionally warm winter which was a major setback for the ice industry since there was not much ice to sell to consumers. Oler told the court he searched for skilled workers to harvest ice during the warm season but was unsuccessful, which is the why these complications occurred while he was president of the company.","President Wesley M. Oler took the stand for the company in 1911 when detectives traveled to Rockland Lake to find the icehouses packed with ice but no workers to load the product onto barges to New York City. The lack of workers had to do with the two dollars they were getting paid when small, independent companies were paying double what bigger companies like Knickerbocker were paying their employees. Oler took to the stand to tell the court he was paying his workers properly and was even paying them extra for the work they did on Sundays, but the workers rebelled. When detectives dug deeper into the situation, they discovered Oler secretly made deals with other companies to purchase ice when they were suffering from deficiencies. Oler came up with numerous excuses why he was conducting the Knickerbocker Ice Company’s business in such a way. Oler explained it was cheaper to transport ice in smaller quantities to meet the demands of clients than to purchase more rail cars and transport everything at once. Also, the 1890s was an exceptionally warm winter which was a major setback for the ice industry since there was not much ice to sell to consumers. Oler told the court he searched for skilled workers to harvest ice during the warm season but was unsuccessful, which is the why these complications occurred while he was president of the company.",President Oler took the stand in 1911,President Oler appeard in court in the 1890s,Implicit (reasoning required),Same,"President Wesley M. Oler took the stand for the company in 1911 when detectives traveled to Rockland Lake to find the icehouses packed with ice but no workers to load the product onto barges to New York City. The lack of workers had to do with the two dollars they were getting paid when small, independent companies were paying double what bigger companies like Knickerbocker were paying their employees. Oler took to the stand to tell the court he was paying his workers properly and was even paying them extra for the work they did on Sundays, but the workers rebelled. When detectives dug deeper into the situation, they discovered Oler secretly made deals with other companies to purchase ice when they were suffering from deficiencies. Oler came up with numerous excuses why he was conducting the Knickerbocker Ice Company’s business in such a way. Oler explained it was cheaper to transport ice in smaller quantities to meet the demands of clients than to purchase more rail cars and transport everything at once. Also, the 1890s was an exceptionally warm winter which was a major setback for the ice industry since there was not much ice to sell to consumers. Oler told the court he searched for skilled workers to harvest ice during the warm season but was unsuccessful, which is the why these complications occurred while he was president of the company.",President Oler took the stand in 1911|President Oler appeard in court in the 1890s,Knickerbocker Ice Company,https://en.wikipedia.org/wiki/Knickerbocker_Ice_Company
6,What is the most common occupation for the residents of Kodimunai?,"A significant number of the residents of Kodimunai do jobs related to fishing. These jobs includes deep sea fishing, shallow water fishing, fishing from the shore (known as karamadi in the local language), fishing with mechanized boats, exporting fish, etc.","Many of the residents of Kodimunai work in a number of other fields like IT, medicine, education, engineering, trading, cargo shipping, etc. However, there is no noticeable local industry except for fishing",Fishing,"IT, medicine, engineering, trading",Implicit (reasoning required),Different,"A significant number of the residents of Kodimunai do jobs related to fishing. These jobs includes deep sea fishing, shallow water fishing, fishing from the shore (known as karamadi in the local language), fishing with mechanized boats, exporting fish, etc.
Many of the residents of Kodimunai work in a number of other fields like IT, medicine, education, engineering, trading, cargo shipping, etc. However, there is no noticeable local industry except for fishing","Fishing|IT, medicine, engineering, trading",Kodimunai,https://en.wikipedia.org/wiki/Kodimunai
7,What is the salinity of Lake Maracaibo?,"Lake Maracaibo is deep in the south and shallow in the north. The northern half of Lake Maracaibo, which looks like a bottleneck, is 55 kilometers long. The southeastern edge of Lake Maracaibo basin with a flat bottom is steep and the northwestern edge is gentle. Lake Maracaibo is slightly salty due to the influence of tides, and the overall salinity of Lake Maracaibo is between 1.5 and 3.8%.","The Catatumbo River forms a bird-foot-shaped delta in the southwest of Lake Maracaibo basin, and the surface lake water in the delta has a salinity of only 0.13%. However, the intrusion of seawater from the mouth of Lake Maracaibo makes the salinity of the bottom lake water higher, reaching 0.2-0.3%.",The salinity of Lake Maracaibo is between 1.5% and 3.8%,The salinity of Lake Maracibo is between 0.2% and 0.3%,Explicit,Different,"Lake Maracaibo is deep in the south and shallow in the north. The northern half of Lake Maracaibo, which looks like a bottleneck, is 55 kilometers long. The southeastern edge of Lake Maracaibo basin with a flat bottom is steep and the northwestern edge is gentle. Lake Maracaibo is slightly salty due to the influence of tides, and the overall salinity of Lake Maracaibo is between 1.5 and 3.8%.
The Catatumbo River forms a bird-foot-shaped delta in the southwest of Lake Maracaibo basin, and the surface lake water in the delta has a salinity of only 0.13%. However, the intrusion of seawater from the mouth of Lake Maracaibo makes the salinity of the bottom lake water higher, reaching 0.2-0.3%.",The salinity of Lake Maracaibo is between 1.5% and 3.8%|The salinity of Lake Maracibo is between 0.2% and 0.3%,Lake Maracaibo,https://en.wikipedia.org/wiki/Lake_Maracaibo
8,What are examples of defunct newspapers in the United States?,"This is a list of defunct newspapers of the United States. Only notable names among the thousands of such newspapers are listed, primarily major metropolitan dailies which published for ten years or more.","The Hoover Gazette was a weekly newspaper that served the city of Hoover, Alabama. The Hoover Gazette was owned by Eagle Publishing Company LLC. The Hoover Gazette was first published on June 5, 2006. The last edition of Hoover Gazette was on August 15, 2007. The newspaper Hoover Gazette was published each Wednesday.",The Daily Worker,The Hoover Gazette,Implicit (reasoning required),Different,"This is a list of defunct newspapers of the United States. Only notable names among the thousands of such newspapers are listed, primarily major metropolitan dailies which published for ten years or more.
The Hoover Gazette was a weekly newspaper that served the city of Hoover, Alabama. The Hoover Gazette was owned by Eagle Publishing Company LLC. The Hoover Gazette was first published on June 5, 2006. The last edition of Hoover Gazette was on August 15, 2007. The newspaper Hoover Gazette was published each Wednesday.",The Daily Worker|The Hoover Gazette,List of defunct newspapers of the United States,https://en.wikipedia.org/wiki/List_of_defunct_newspapers_of_the_United_States
9,When was Little America II base established?,"Little America II was established in 1934, some thirty feet (ten meters) above the site of the original base Little America I, with some of the original base accessed via tunnel. The Little America II base was briefly set adrift in 1934, but the iceberg fused to the main glacier.","In a later expedition to Antarctica, Byrd's expedition spotted Little America's towers still standing, including the Jacobs Wind plant installed in 1933.",1934,1933,Implicit (reasoning required),Different,"Little America II was established in 1934, some thirty feet (ten meters) above the site of the original base Little America I, with some of the original base accessed via tunnel. The Little America II base was briefly set adrift in 1934, but the iceberg fused to the main glacier.
In a later expedition to Antarctica, Byrd's expedition spotted Little America's towers still standing, including the Jacobs Wind plant installed in 1933.",1934|1933,Little America (exploration base),https://en.wikipedia.org/wiki/Little_America_(exploration_base)
10,Is Moxonidine selective or non-selective Agonist?,"I1 receptors include Agonists such as AGN 192403, and Moxonidine","Nonselective ligands include Agonists such as Agmatine (putative endogenous ligand at I1; also interacts with NMDA, nicotinic, and α2 adrenoceptors), Apraclonidine (α2 adrenoceptor agonist), 2-BFI (I2 agonist, NMDA antagonist), Cimetidine (I1 agonist, H2 receptor antagonist), Clonidine (I1 agonist, α2 adrenoceptor agonist), LNP-509, LNP-911, 7-Me-marsanidine, Dimethyltryptamine, mCPP, and Moxonidine",selective,non-selective,Implicit (reasoning required),Different,"I1 receptors include Agonists such as AGN 192403, and Moxonidine
Nonselective ligands include Agonists such as Agmatine (putative endogenous ligand at I1; also interacts with NMDA, nicotinic, and α2 adrenoceptors), Apraclonidine (α2 adrenoceptor agonist), 2-BFI (I2 agonist, NMDA antagonist), Cimetidine (I1 agonist, H2 receptor antagonist), Clonidine (I1 agonist, α2 adrenoceptor agonist), LNP-509, LNP-911, 7-Me-marsanidine, Dimethyltryptamine, mCPP, and Moxonidine",selective|non-selective,Imidazoline receptor,https://en.wikipedia.org/wiki/Imidazoline_receptor
11,What year did Paul Fraisse become a director of the Institute of Psychology of the University of Paris?,"In 1965, Paul Fraisse becomes the Institute of Psychology of the University of Paris director","1952 : Paul Fraisse replaces Henri Piéron with a director board of the Institute of Psychology of the University of Paris including Daniel Lagache (Sorbonne, lettres), Jean Delay (Faculté de médecine), and Pierre-Paul Grassé (Sorbonne, Sciences). 1960 : Daniel Lagache steps back from co-directorship. 1961 : Paul Fraisse becomes the only director of the Institute of Psychology of the University of Paris.",1965,1952,Implicit (reasoning required),Different,"In 1965, Paul Fraisse becomes the Institute of Psychology of the University of Paris director
1952 : Paul Fraisse replaces Henri Piéron with a director board of the Institute of Psychology of the University of Paris including Daniel Lagache (Sorbonne, lettres), Jean Delay (Faculté de médecine), and Pierre-Paul Grassé (Sorbonne, Sciences). 1960 : Daniel Lagache steps back from co-directorship. 1961 : Paul Fraisse becomes the only director of the Institute of Psychology of the University of Paris.",1965|1952,Institute of Psychology of the University of Paris,https://en.wikipedia.org/wiki/Institute_of_Psychology_of_the_University_of_Paris
12,What date was Julian Lewis Jones born?,Julian Lewis Jones (born 21 August 1968,Julian Lewis Jones Born	27 August 1968,August 21st 1968, 27 August 1968,Explicit,Different,"Julian Lewis Jones (born 21 August 1968
Julian Lewis Jones Born	27 August 1968",August 21st 1968| 27 August 1968,Julian Lewis Jones,https://en.wikipedia.org/wiki/Julian_Lewis_Jones
13,When did Liu Zhi die?,"Liu Zhi first fled to British Hong Kong, and later on made a living in Indonesia as a Chinese language teacher. In 1953, he was ordered to return to Kuomingtang-controlled Taiwan as a political adviser to Chiang Kai-shek. He was decorated with the Order of Blue Sky and White Sun. He died in Taiwan in 1972.","Liu Zhi died on the 15 January 1971 (aged 78) in Taichung, Taiwan",Liu Zhi died in 1972.,Liu Zhi died on the 15 January 1971.,Explicit,Different,"Liu Zhi first fled to British Hong Kong, and later on made a living in Indonesia as a Chinese language teacher. In 1953, he was ordered to return to Kuomingtang-controlled Taiwan as a political adviser to Chiang Kai-shek. He was decorated with the Order of Blue Sky and White Sun. He died in Taiwan in 1972.
Liu Zhi died on the 15 January 1971 (aged 78) in Taichung, Taiwan",Liu Zhi died in 1972.|Liu Zhi died on the 15 January 1971.,Liu Zhi (ROC),https://en.wikipedia.org/wiki/Liu_Zhi_(ROC)
14,How is the Loretto Chapel staircase held together?,"The Loretto Chapel staircase lacks the newel or central pole usually used to support and stabilize a spiral staircase, and therefore the means of supporting the weight is not obvious. However, the staircase is supported by its stringers just like a conventional (straight) staircase, although in this case each stringer is twisted into a helix. Observers have also noted that the inside stringer has such a tight radius that it is able to function similarly to a straight center support. According to an analysis by a professional carpenter in Mysterious New Mexico, the assembly of the stringers from overlapping segments joined by wood glue  creates a laminate that is actually stronger than the wood alone. Additionally, the use of wooden pegs rather than nails prevents degradation of the joints due to compression set as the wood swells against the nails due to changes in humidity or temperature","Loretto Chapel is best known for its helix-shaped staircase (nicknamed ""Miraculous Stair""), which rises 20 feet (6.1 m) to the choir loft while making two full turns, all without the support of a newel or central pole. The staircase is built mostly out of wood and is held together by wooden pegs, with no glue, nails or other hardware used. The inner stringer consists of seven wooden segments joined together with pegs, while the longer outer stringer has nine segments. The exact wood used to build the staircase has been confirmed to be a type of spruce which is not native to New Mexico and scientifically not identified anywhere else in the world.",It is held together by overlapping segments joined by wood glue.,"It is held together by wooden pegs, with no glue.",Explicit,Different,"The Loretto Chapel staircase lacks the newel or central pole usually used to support and stabilize a spiral staircase, and therefore the means of supporting the weight is not obvious. However, the staircase is supported by its stringers just like a conventional (straight) staircase, although in this case each stringer is twisted into a helix. Observers have also noted that the inside stringer has such a tight radius that it is able to function similarly to a straight center support. According to an analysis by a professional carpenter in Mysterious New Mexico, the assembly of the stringers from overlapping segments joined by wood glue  creates a laminate that is actually stronger than the wood alone. Additionally, the use of wooden pegs rather than nails prevents degradation of the joints due to compression set as the wood swells against the nails due to changes in humidity or temperature
Loretto Chapel is best known for its helix-shaped staircase (nicknamed ""Miraculous Stair""), which rises 20 feet (6.1 m) to the choir loft while making two full turns, all without the support of a newel or central pole. The staircase is built mostly out of wood and is held together by wooden pegs, with no glue, nails or other hardware used. The inner stringer consists of seven wooden segments joined together with pegs, while the longer outer stringer has nine segments. The exact wood used to build the staircase has been confirmed to be a type of spruce which is not native to New Mexico and scientifically not identified anywhere else in the world.","It is held together by overlapping segments joined by wood glue.|It is held together by wooden pegs, with no glue.",Loretto Chapel,https://en.wikipedia.org/wiki/Loretto_Chapel
15,How many people were survivors of the Pánfilo de Narváez expedition?,"In the spring of 1528, during the Pánfilo de Narváez's 1527 expedition, thirteen of the fifteen survivors decided to leave the Galveston island, abandoning Cabeza de Vaca (because he was sick and unable to travel) and two other members of the expedition. In April 1529, this group, led by Dorantes and Castillo, reached the coast and landed at Matagorda Bay. However, most of the members of this expedition were killed by Native Americans. Only three survived: Dorantes de Carranza, Castillo and Estevanico.","Alonso del Castillo Maldonado (died after 1547) was an early Spanish explorer in the Americas. He was one of the last four survivors of the Pánfilo de Narváez expedition, along with Álvar Núñez Cabeza de Vaca, Andrés Dorantes de Carranza and his African slave Estevanico. ",Three survived.,Four survived.,Explicit,Different,"In the spring of 1528, during the Pánfilo de Narváez's 1527 expedition, thirteen of the fifteen survivors decided to leave the Galveston island, abandoning Cabeza de Vaca (because he was sick and unable to travel) and two other members of the expedition. In April 1529, this group, led by Dorantes and Castillo, reached the coast and landed at Matagorda Bay. However, most of the members of this expedition were killed by Native Americans. Only three survived: Dorantes de Carranza, Castillo and Estevanico.
Alonso del Castillo Maldonado (died after 1547) was an early Spanish explorer in the Americas. He was one of the last four survivors of the Pánfilo de Narváez expedition, along with Álvar Núñez Cabeza de Vaca, Andrés Dorantes de Carranza and his African slave Estevanico. ",Three survived.|Four survived.,Alonso del Castillo Maldonado,https://en.wikipedia.org/wiki/Alonso_del_Castillo_Maldonado
16,How tall is Tyler Mane?,"In 2007, Tayler Mane played Michael Myers in Rob Zombie's remake of Halloween. After winning the role, he noted that he consecutively watched seven of the eight Halloween films (excluding the third because Michael Myers does not appear apart from in an ad for the first movie) to better understand his character. He is the tallest actor (6' 8"") to portray the character",Tayler Mane height is 6 ft 9 in (2.06 m).,6 ft 8 in,6 ft 9 in,Explicit,Different,"In 2007, Tayler Mane played Michael Myers in Rob Zombie's remake of Halloween. After winning the role, he noted that he consecutively watched seven of the eight Halloween films (excluding the third because Michael Myers does not appear apart from in an ad for the first movie) to better understand his character. He is the tallest actor (6' 8"") to portray the character
Tayler Mane height is 6 ft 9 in (2.06 m).",6 ft 8 in|6 ft 9 in,Tyler Mane,https://en.wikipedia.org/wiki/Tyler_Mane
17,What is Heinrich Mark birth name?,"Heinrich Marx (born Herschel HaLevi, Yiddish: הירשל הלוי; 15 April 1777 – 10 May 1838) was a German lawyer who fathered the communist philosopher Karl Marx, as well as seven other children, including Louise Juta.","Heinrich Marx was born in Saarlouis into an Ashkenazi Jewish family with the name Herschel Levi, the son of Rabbi Marx Levi Mordechai ben Samuel HaLevi von Rödelheim (1743–1804) and Eva Lwow (1753–1823)",Herschel HaLevi,Herschel Levi,Explicit,Different,"Heinrich Marx (born Herschel HaLevi, Yiddish: הירשל הלוי; 15 April 1777 – 10 May 1838) was a German lawyer who fathered the communist philosopher Karl Marx, as well as seven other children, including Louise Juta.
Heinrich Marx was born in Saarlouis into an Ashkenazi Jewish family with the name Herschel Levi, the son of Rabbi Marx Levi Mordechai ben Samuel HaLevi von Rödelheim (1743–1804) and Eva Lwow (1753–1823)",Herschel HaLevi|Herschel Levi,Heinrich Marx,https://en.wikipedia.org/wiki/Heinrich_Marx
18,Is sleep is essential for all complex animals?,Sleep in fish is the subject of ongoing scientific research.Typically fish exhibit periods of inactivity but show no significant reactions to deprivation of this condition.,"If sleep were not essential in animals, one would expect to find  - Animal species that do not sleep at all - Animals that do not need recovery sleep after staying awake longer than usual - Animals that suffer no serious consequences as a result of lack of sleep. Hence sleep is essential for all complex animals.","Not for all types of complex animals, typically fish exhibit periods of inactivity but show no significant reactions to deprivation of this condition.","Yes as if sleep were not essential in animals, one would expect to find  - Animal species that do not sleep at all - Animals that do not need recovery sleep after staying awake longer than usual - Animals that suffer no serious consequences as a result of lack of sleep. Hence sleep is essential for all complex animals.",Implicit (reasoning required),Different,"Sleep in fish is the subject of ongoing scientific research.Typically fish exhibit periods of inactivity but show no significant reactions to deprivation of this condition.
If sleep were not essential in animals, one would expect to find  - Animal species that do not sleep at all - Animals that do not need recovery sleep after staying awake longer than usual - Animals that suffer no serious consequences as a result of lack of sleep. Hence sleep is essential for all complex animals.","Not for all types of complex animals, typically fish exhibit periods of inactivity but show no significant reactions to deprivation of this condition.|Yes as if sleep were not essential in animals, one would expect to find  - Animal species that do not sleep at all - Animals that do not need recovery sleep after staying awake longer than usual - Animals that suffer no serious consequences as a result of lack of sleep. Hence sleep is essential for all complex animals.",Sleep in animals,https://en.wikipedia.org/wiki/Sleep_in_animals
19,Who was the manager of St Eunan's GAA in 2017?,The manager of St Eunan's GAA in the period c2014-c.2018 was Maxi Curran.,The managers of St Eunan's GAA in 2017 were Barry Meehan and Eddie Brennan.,The manager of St Eunan's GAA in 2017 was Maxi Curran.,The managers of St Eunan's GAA in 2017 were Barry Meehan and Eddie Brennan.,Explicit,Different,"The manager of St Eunan's GAA in the period c2014-c.2018 was Maxi Curran.
The managers of St Eunan's GAA in 2017 were Barry Meehan and Eddie Brennan.",The manager of St Eunan's GAA in 2017 was Maxi Curran.|The managers of St Eunan's GAA in 2017 were Barry Meehan and Eddie Brennan.,St Eunan's GAA,https://en.wikipedia.org/wiki/St_Eunan's_GAA
20,Was Maria Stevens executed for witchcraft?,Maria Stevens (died after 1707) was an English woman who was executed for witchcraft.,"Maria Stevens was accused of having bewitched an acquaintance, Dorothy Reeves. The trial was held at Taunton Castle. Stevens was acquitted and released after judge and jury failed to believe the evidence given against her.",Maria Stevens was an English woman who was executed for witchcraft.,Maria Stevens was acquitted and released after judge and jury failed to believe the evidence given against her.,Explicit,Different,"Maria Stevens (died after 1707) was an English woman who was executed for witchcraft.
Maria Stevens was accused of having bewitched an acquaintance, Dorothy Reeves. The trial was held at Taunton Castle. Stevens was acquitted and released after judge and jury failed to believe the evidence given against her.",Maria Stevens was an English woman who was executed for witchcraft.|Maria Stevens was acquitted and released after judge and jury failed to believe the evidence given against her.,Maria Stevens,https://en.wikipedia.org/wiki/Maria_Stevens
21,When the first walk of the organization Stop Child Trafficking Now took place?,"The first walk of the Stop Child Trafficking Now organization took place in September 2011 in Augusta, Georgia, United States.","The Stop Child Trafficking Now organization organized annual walks to raise funds and awareness about the issue. In 2009, organizers claimed to have organized walks in 41 cities nationwide and hoped to raise over a million dollars. The group organized a protest at Phillips Square, Montreal, Quebec, Canada in September 2009.",The first walk of the organization Stop Child Trafficking Now took place in September 2011.,"The Stop Child Trafficking Now group organized a protest at Phillips Square, Montreal, Quebec, Canada in September 2009.",Explicit,Different,"The first walk of the Stop Child Trafficking Now organization took place in September 2011 in Augusta, Georgia, United States.
The Stop Child Trafficking Now organization organized annual walks to raise funds and awareness about the issue. In 2009, organizers claimed to have organized walks in 41 cities nationwide and hoped to raise over a million dollars. The group organized a protest at Phillips Square, Montreal, Quebec, Canada in September 2009.","The first walk of the organization Stop Child Trafficking Now took place in September 2011.|The Stop Child Trafficking Now group organized a protest at Phillips Square, Montreal, Quebec, Canada in September 2009.",Stop Child Trafficking Now,https://en.wikipedia.org/wiki/Stop_Child_Trafficking_Now
22,Can any synthetic chord be analyzed in terms of traditional harmonic structures/chords?,"In music theory and harmonic analysis, a synthetic chord is a made-up or non-traditional (synthetic) chord (collection of pitches) which cannot be analyzed in terms of traditional harmonic structures, such as the triad or seventh chord.","Some synthetic chords may be analyzed as traditional chords, including the Prometheus chord, which may be analyzed as an altered dominant chord.",No,Yes,Explicit,Different,"In music theory and harmonic analysis, a synthetic chord is a made-up or non-traditional (synthetic) chord (collection of pitches) which cannot be analyzed in terms of traditional harmonic structures, such as the triad or seventh chord.
Some synthetic chords may be analyzed as traditional chords, including the Prometheus chord, which may be analyzed as an altered dominant chord.",No|Yes,Synthetic chord,https://en.wikipedia.org/wiki/Synthetic_chord
23,"In the 1840s, who built the stockman's hut near the peak of Mount Pleasant?","The first European to farm on the Mount Pleasant was Joseph Greenwood of Purau, who took up land in 1846 and built a stockman's hut near the peak.","Edward Ward, the eldest brother of Crosbie Ward stood by the hut on Mount Pleasant built by Charles Crawford ",Joseph Greenwood,Charles Crawford,Implicit (reasoning required),Different,"The first European to farm on the Mount Pleasant was Joseph Greenwood of Purau, who took up land in 1846 and built a stockman's hut near the peak.
Edward Ward, the eldest brother of Crosbie Ward stood by the hut on Mount Pleasant built by Charles Crawford ",Joseph Greenwood|Charles Crawford,Tauhinukorokio / Mount Pleasant,https://en.wikipedia.org/wiki/Tauhinukorokio_/_Mount_Pleasant
24,"From 1788 until the early 1790s, general city dumas were organized in how many cities of the Tobolsk Viceroyalty?","From 1788 until the early 1790s, general city dumas were organized in nine cities of the Tobolsk Viceroyalty.","Cities of the Tobolsk Viceroyalty in which general city dumas were organized from 1788 until the early 1790s: Tobolsk, Tomsk, Tyumen, Tara, Turukhansk, Yeniseisk, Narym, and Omsk.",Nine,Eight,Implicit (reasoning required),Different,"From 1788 until the early 1790s, general city dumas were organized in nine cities of the Tobolsk Viceroyalty.
Cities of the Tobolsk Viceroyalty in which general city dumas were organized from 1788 until the early 1790s: Tobolsk, Tomsk, Tyumen, Tara, Turukhansk, Yeniseisk, Narym, and Omsk.",Nine|Eight,Tobolsk Viceroyalty,https://en.wikipedia.org/wiki/Tobolsk_Viceroyalty
25,In what year did the Whitehead Torpedo enter service?,The Howell torpedo was the only United States Navy model until Whitehead torpedoes produced by Bliss and Williams entered service in 1894.,"The United States Navy started using the Whitehead torpedo in 1892 after an American company, E.W. Bliss, secured manufacturing rights.",1894,1892 or before,Explicit,Different,"The Howell torpedo was the only United States Navy model until Whitehead torpedoes produced by Bliss and Williams entered service in 1894.
The United States Navy started using the Whitehead torpedo in 1892 after an American company, E.W. Bliss, secured manufacturing rights.",1894|1892 or before,Torpedo,https://en.wikipedia.org/wiki/Torpedo
26,In what year and month did mass production of the Fourth Generation (A80) Toyota Supra begin?,official mass production of the Fourth Generation (A80) Toyota Supra began in April 1993.,Production of the Fourth Generation (A80) Toyota Supra: May 1993 – August 2002,April 1993,May 1993,Explicit,Different,"official mass production of the Fourth Generation (A80) Toyota Supra began in April 1993.
Production of the Fourth Generation (A80) Toyota Supra: May 1993 – August 2002",April 1993|May 1993,Toyota Supra,https://en.wikipedia.org/wiki/Toyota_Supra
27,"Which postage stamp was issued first: ""Two Penny Blue"" or ""Penny Black""?","The Two Penny Blue or The Two Pence Blue was the world's second official postage stamp, produced in the United Kingdom of Great Britain and Ireland and issued after the Penny Black. [...] Initial printing took place from 1 May 1840. [...] Officially the stamps were valid for postage from 6 May.",The Penny Black was the world's first adhesive postage stamp used in a public postal system. It was first issued in the United Kingdom on 1 May 1840 but was not valid for use until 6 May. ,The Penny Black,Same date,Implicit (reasoning required),Different,"The Two Penny Blue or The Two Pence Blue was the world's second official postage stamp, produced in the United Kingdom of Great Britain and Ireland and issued after the Penny Black. [...] Initial printing took place from 1 May 1840. [...] Officially the stamps were valid for postage from 6 May.
The Penny Black was the world's first adhesive postage stamp used in a public postal system. It was first issued in the United Kingdom on 1 May 1840 but was not valid for use until 6 May. ",The Penny Black|Same date,Two penny blue,https://en.wikipedia.org/wiki/Two_penny_blue
29,In which year and month did France defeat the Queen of Waalo?,"In February 1855, General Louis Faidherbe (French general and colonial administrator) departed from Saint-Louis with a force of 450 French soldiers and 400 armed volunteers in order to march on Nder, Waalo's (a Jolof kingdom located in what is now northwest Senegal) capital. On 25 February at the Battle of Dioubouldy, the French defeated the combined Waalo and Trarza (region in what is now southwest Mauritania) armies. The French then entered Nder, which had been deserted by Ndaté Yalla Mbodj and her followers, and burned it down. Maroso Tassé and his warriors still held firm and refused to submit.  Ndaté Yalla Mbodj who was receiving updates still remained defiant.","On 31 January 1855, Faidherbe finally defeated Ndaté Yalla Mbodj and gained control of Waalo.",February 1855,January 1855,Explicit,Different,"In February 1855, General Louis Faidherbe (French general and colonial administrator) departed from Saint-Louis with a force of 450 French soldiers and 400 armed volunteers in order to march on Nder, Waalo's (a Jolof kingdom located in what is now northwest Senegal) capital. On 25 February at the Battle of Dioubouldy, the French defeated the combined Waalo and Trarza (region in what is now southwest Mauritania) armies. The French then entered Nder, which had been deserted by Ndaté Yalla Mbodj and her followers, and burned it down. Maroso Tassé and his warriors still held firm and refused to submit.  Ndaté Yalla Mbodj who was receiving updates still remained defiant.
On 31 January 1855, Faidherbe finally defeated Ndaté Yalla Mbodj and gained control of Waalo.",February 1855|January 1855,Ndaté Yalla Mbodj,https://en.wikipedia.org/wiki/Ndaté_Yalla_Mbodj
28,"In which year and month did the French general Louis Faidherbe defeat the Queen of Waalo, Ndaté Yalla Mbodj?","In February 1855, General Louis Faidherbe (French general and colonial administrator) departed from Saint-Louis with a force of 450 French soldiers and 400 armed volunteers in order to march on Nder, Waalo's (a Jolof kingdom located in what is now northwest Senegal) capital. On 25 February at the Battle of Dioubouldy, the French defeated the combined Waalo and Trarza (region in what is now southwest Mauritania) armies. The French then entered Nder, which had been deserted by Ndaté Yalla Mbodj and her followers, and burned it down. Maroso Tassé and his warriors still held firm and refused to submit.  Ndaté Yalla Mbodj who was receiving updates still remained defiant.","On 31 January 1855, Faidherbe finally defeated Ndaté Yalla Mbodj and gained control of Waalo.",February 1855,January 1855,Explicit,Different,"In February 1855, General Louis Faidherbe (French general and colonial administrator) departed from Saint-Louis with a force of 450 French soldiers and 400 armed volunteers in order to march on Nder, Waalo's (a Jolof kingdom located in what is now northwest Senegal) capital. On 25 February at the Battle of Dioubouldy, the French defeated the combined Waalo and Trarza (region in what is now southwest Mauritania) armies. The French then entered Nder, which had been deserted by Ndaté Yalla Mbodj and her followers, and burned it down. Maroso Tassé and his warriors still held firm and refused to submit.  Ndaté Yalla Mbodj who was receiving updates still remained defiant.
On 31 January 1855, Faidherbe finally defeated Ndaté Yalla Mbodj and gained control of Waalo.",February 1855|January 1855,Ndaté Yalla Mbodj,https://en.wikipedia.org/wiki/Ndaté_Yalla_Mbodj
31,Where did Ndaté Yalla Mbodj die?,"In light of their crushing defeat, with the advice of the Jogomay, Jawdin and Maalo (the three powerful noble council of electors responsible for electing the kings and queens of Waalo from the ruling family) and Maaroso Tassé's (Ndaté Yalla Mbodj's husband) relatives in the royal family of Cayor, requested that the royal couple move to Cayor for refuge and protection. They left for Cayor, and received protection from their relatives. The French demanded that the royal family of Cayor hand them over as their prisoners, and if they refuse to do so Cayor would be deemed an enemy. The royal family of Cayor refused to do so and offered them protection. Ndaté Yalla Mbodj remained in Cayor until her death in 1860.","Ndaté Yalla Mbodj died in 1860 in Dagana, Wolof Kingdom of Waalo. Ndaté Yalla Mbodj, is regarded as a heroine in Senegambian history, and one of the most famous women of 19th century Senegambia. Along with several other African heroines, she played a crucial role in the struggle for African liberation. Oral historians (also known as griots) have recorded her bravery, and she remains a symbol of female empowerment and resistance against French colonialism. Queen Ndate Yalla Mbodj died in Dagana, where a statue erected in her honor still stands.",Cayor,Dagana,Implicit (reasoning required),Different,"In light of their crushing defeat, with the advice of the Jogomay, Jawdin and Maalo (the three powerful noble council of electors responsible for electing the kings and queens of Waalo from the ruling family) and Maaroso Tassé's (Ndaté Yalla Mbodj's husband) relatives in the royal family of Cayor, requested that the royal couple move to Cayor for refuge and protection. They left for Cayor, and received protection from their relatives. The French demanded that the royal family of Cayor hand them over as their prisoners, and if they refuse to do so Cayor would be deemed an enemy. The royal family of Cayor refused to do so and offered them protection. Ndaté Yalla Mbodj remained in Cayor until her death in 1860.
Ndaté Yalla Mbodj died in 1860 in Dagana, Wolof Kingdom of Waalo. Ndaté Yalla Mbodj, is regarded as a heroine in Senegambian history, and one of the most famous women of 19th century Senegambia. Along with several other African heroines, she played a crucial role in the struggle for African liberation. Oral historians (also known as griots) have recorded her bravery, and she remains a symbol of female empowerment and resistance against French colonialism. Queen Ndate Yalla Mbodj died in Dagana, where a statue erected in her honor still stands.",Cayor|Dagana,Ndaté Yalla Mbodj,https://en.wikipedia.org/wiki/Ndaté_Yalla_Mbodj
30,Did Ndaté Yalla Mbodj die in Cayor?,"In light of their crushing defeat, with the advice of the Jogomay, Jawdin and Maalo (the three powerful noble council of electors responsible for electing the kings and queens of Waalo from the ruling family) and Maaroso Tassé's (Ndaté Yalla Mbodj's husband) relatives in the royal family of Cayor, requested that the royal couple move to Cayor for refuge and protection. They left for Cayor, and received protection from their relatives. The French demanded that the royal family of Cayor hand them over as their prisoners, and if they refuse to do so Cayor would be deemed an enemy. The royal family of Cayor refused to do so and offered them protection. Ndaté Yalla Mbodj remained in Cayor until her death in 1860.","Ndaté Yalla Mbodj died in 1860 in Dagana, Wolof Kingdom of Waalo. Ndaté Yalla Mbodj, is regarded as a heroine in Senegambian history, and one of the most famous women of 19th century Senegambia. Along with several other African heroines, she played a crucial role in the struggle for African liberation. Oral historians (also known as griots) have recorded her bravery, and she remains a symbol of female empowerment and resistance against French colonialism. Queen Ndate Yalla Mbodj died in Dagana, where a statue erected in her honor still stands.",Yes,No,Implicit (reasoning required),Different,"In light of their crushing defeat, with the advice of the Jogomay, Jawdin and Maalo (the three powerful noble council of electors responsible for electing the kings and queens of Waalo from the ruling family) and Maaroso Tassé's (Ndaté Yalla Mbodj's husband) relatives in the royal family of Cayor, requested that the royal couple move to Cayor for refuge and protection. They left for Cayor, and received protection from their relatives. The French demanded that the royal family of Cayor hand them over as their prisoners, and if they refuse to do so Cayor would be deemed an enemy. The royal family of Cayor refused to do so and offered them protection. Ndaté Yalla Mbodj remained in Cayor until her death in 1860.
Ndaté Yalla Mbodj died in 1860 in Dagana, Wolof Kingdom of Waalo. Ndaté Yalla Mbodj, is regarded as a heroine in Senegambian history, and one of the most famous women of 19th century Senegambia. Along with several other African heroines, she played a crucial role in the struggle for African liberation. Oral historians (also known as griots) have recorded her bravery, and she remains a symbol of female empowerment and resistance against French colonialism. Queen Ndate Yalla Mbodj died in Dagana, where a statue erected in her honor still stands.",Yes|No,Ndaté Yalla Mbodj,https://en.wikipedia.org/wiki/Ndaté_Yalla_Mbodj
33,Was Paul McCole born on the 1st February?,"Paul McCole was born on 1 February 1972 (age 52) in Castlemilk, Scotland.","Paul McCole (born 10 February 1972) is a Scottish actor, comedian and musician. He is perhaps best known for his role as Limmy's pal and also in the dark comedy series High Times along with his brother Stephen. He has appeared in television shows such as Limmy's Show, Taggart, Rab C. Nesbitt, and Still Game. McCole also performed in The Strange Undoing of Prudencia Heart from 2013 to 2014, (this was the longest touring show from the National Theatre of Scotland). He spends his time in an irreverent comedy duo/band with his writing partner Gordon Munro, Dignitas.",Yes,No,Explicit,Different,"Paul McCole was born on 1 February 1972 (age 52) in Castlemilk, Scotland.
Paul McCole (born 10 February 1972) is a Scottish actor, comedian and musician. He is perhaps best known for his role as Limmy's pal and also in the dark comedy series High Times along with his brother Stephen. He has appeared in television shows such as Limmy's Show, Taggart, Rab C. Nesbitt, and Still Game. McCole also performed in The Strange Undoing of Prudencia Heart from 2013 to 2014, (this was the longest touring show from the National Theatre of Scotland). He spends his time in an irreverent comedy duo/band with his writing partner Gordon Munro, Dignitas.",Yes|No,Paul McCole,https://en.wikipedia.org/wiki/Paul_McCole
32,When was Paul McCole born?,"Paul McCole was born on 1 February 1972 (age 52) in Castlemilk, Scotland.","Paul McCole (born 10 February 1972) is a Scottish actor, comedian and musician. He is perhaps best known for his role as Limmy's pal and also in the dark comedy series High Times along with his brother Stephen. He has appeared in television shows such as Limmy's Show, Taggart, Rab C. Nesbitt, and Still Game. McCole also performed in The Strange Undoing of Prudencia Heart from 2013 to 2014, (this was the longest touring show from the National Theatre of Scotland). He spends his time in an irreverent comedy duo/band with his writing partner Gordon Munro, Dignitas.",1 February 1972,10 February 1972,Explicit,Different,"Paul McCole was born on 1 February 1972 (age 52) in Castlemilk, Scotland.
Paul McCole (born 10 February 1972) is a Scottish actor, comedian and musician. He is perhaps best known for his role as Limmy's pal and also in the dark comedy series High Times along with his brother Stephen. He has appeared in television shows such as Limmy's Show, Taggart, Rab C. Nesbitt, and Still Game. McCole also performed in The Strange Undoing of Prudencia Heart from 2013 to 2014, (this was the longest touring show from the National Theatre of Scotland). He spends his time in an irreverent comedy duo/band with his writing partner Gordon Munro, Dignitas.",1 February 1972|10 February 1972,Paul McCole,https://en.wikipedia.org/wiki/Paul_McCole
34,Is the Baltic Sea considered a type of mediterranean sea?,"The Baltic Sea is a mediterranean sea of the Atlantic Ocean. An example of a mediterranean sea which is a dilution basin is the Baltic Sea. A dilution basin has a lower salinity due to freshwater gains such as rainfall and rivers, and its water exchange consists of outflow of the fresher mediterranean water in the upper layer and inflow of the saltier oceanic water in the lower layer of the channel. Renewal of deep water may not be sufficient to supply oxygen to the bottom.","The Baltic Sea is not a mediterranean sea because is a brackish inland sea, alleged to be the largest body of brackish water in the world (other possibilities include the Black Sea). It occupies a basin formed by glacial erosion.",Yes,No,Explicit,Different,"The Baltic Sea is a mediterranean sea of the Atlantic Ocean. An example of a mediterranean sea which is a dilution basin is the Baltic Sea. A dilution basin has a lower salinity due to freshwater gains such as rainfall and rivers, and its water exchange consists of outflow of the fresher mediterranean water in the upper layer and inflow of the saltier oceanic water in the lower layer of the channel. Renewal of deep water may not be sufficient to supply oxygen to the bottom.
The Baltic Sea is not a mediterranean sea because is a brackish inland sea, alleged to be the largest body of brackish water in the world (other possibilities include the Black Sea). It occupies a basin formed by glacial erosion.",Yes|No,Mediterranean seas,https://en.wikipedia.org/wiki/Mediterranean_seas
35,Does Microsoft Office 2013 work on Windows Server 2022?,"A version of Microsoft Office 2013 comes included on Windows RT devices. It has been confirmed to work on Windows 11 on March 4, 2023, but not Windows Server 2022. Later on, Microsoft claimed that Microsoft Office 2013 would no longer be supported on Windows 11 and Windows Server 2022. ",Microsoft Office 2013 is available for Windows Server 2022. Microsoft Office 2013 still runs on Windows 11 and Windows Server 2022.,No,Yes,Explicit,Different,"A version of Microsoft Office 2013 comes included on Windows RT devices. It has been confirmed to work on Windows 11 on March 4, 2023, but not Windows Server 2022. Later on, Microsoft claimed that Microsoft Office 2013 would no longer be supported on Windows 11 and Windows Server 2022. 
Microsoft Office 2013 is available for Windows Server 2022. Microsoft Office 2013 still runs on Windows 11 and Windows Server 2022.",No|Yes,Microsoft Office 2013,https://en.wikipedia.org/wiki/Microsoft_Office_2013
37,Is a mint stamp always unused?,"In philately, a mint stamp is one which is in its original state of issue, is unused, has never been mounted and has full gum, if issued with gum. The term applies equally to postage stamps and revenue stamps.","In practice, the term of mint stamp is used within philately to refer to any stamp that appears to be unused, including those without gum, or previously hinged. Variations of the term mint include:  •	Mint hinged (MH) – the stamp is unused but has been previously hinged. Remains of the hinge or gum disturbance are visible. •	Mounted mint (MM) – the same as Mint hinged. •	Mint no gum (MNG) – the stamp appears to be unused but has no gum. It might have been used but not cancelled, or have been issued without gum. •	Unmounted mint (UM) – the stamp is unused and appears never to have been mounted. •	Mint never hinged (MNH) – the same as unmounted mint but with an assertion that the stamp is not a formerly mounted stamp that has been tampered with to remove traces of mounting. The hinging referred to in these terms is mounting of the stamp in a stamp album by the application of a stamp hinge to the back of the stamp. The highest grade is unmounted mint or mint never hinged. The term mint never hinged has developed to provide reassurance to buyers that the stamp has not been tampered with to remove traces of mounting, as the term unmounted mint was thought to be ambiguous. ",Yes,No,Implicit (reasoning required),Different,"In philately, a mint stamp is one which is in its original state of issue, is unused, has never been mounted and has full gum, if issued with gum. The term applies equally to postage stamps and revenue stamps.
In practice, the term of mint stamp is used within philately to refer to any stamp that appears to be unused, including those without gum, or previously hinged. Variations of the term mint include:  •	Mint hinged (MH) – the stamp is unused but has been previously hinged. Remains of the hinge or gum disturbance are visible. •	Mounted mint (MM) – the same as Mint hinged. •	Mint no gum (MNG) – the stamp appears to be unused but has no gum. It might have been used but not cancelled, or have been issued without gum. •	Unmounted mint (UM) – the stamp is unused and appears never to have been mounted. •	Mint never hinged (MNH) – the same as unmounted mint but with an assertion that the stamp is not a formerly mounted stamp that has been tampered with to remove traces of mounting. The hinging referred to in these terms is mounting of the stamp in a stamp album by the application of a stamp hinge to the back of the stamp. The highest grade is unmounted mint or mint never hinged. The term mint never hinged has developed to provide reassurance to buyers that the stamp has not been tampered with to remove traces of mounting, as the term unmounted mint was thought to be ambiguous. ",Yes|No,Mint stamp,https://en.wikipedia.org/wiki/Mint_stamp
36,Is a mint stamp hinged?,"In philately, a mint stamp is one which is in its original state of issue, is unused, has never been mounted and has full gum, if issued with gum. The term applies equally to postage stamps and revenue stamps.","In practice, the term of mint stamp is used within philately to refer to any stamp that appears to be unused, including those without gum, or previously hinged. Variations of the term mint include:  •	Mint hinged (MH) – the stamp is unused but has been previously hinged. Remains of the hinge or gum disturbance are visible. •	Mounted mint (MM) – the same as Mint hinged. •	Mint no gum (MNG) – the stamp appears to be unused but has no gum. It might have been used but not cancelled, or have been issued without gum. •	Unmounted mint (UM) – the stamp is unused and appears never to have been mounted. •	Mint never hinged (MNH) – the same as unmounted mint but with an assertion that the stamp is not a formerly mounted stamp that has been tampered with to remove traces of mounting. The hinging referred to in these terms is mounting of the stamp in a stamp album by the application of a stamp hinge to the back of the stamp. The highest grade is unmounted mint or mint never hinged. The term mint never hinged has developed to provide reassurance to buyers that the stamp has not been tampered with to remove traces of mounting, as the term unmounted mint was thought to be ambiguous. ",No,Yes,Implicit (reasoning required),Different,"In philately, a mint stamp is one which is in its original state of issue, is unused, has never been mounted and has full gum, if issued with gum. The term applies equally to postage stamps and revenue stamps.
In practice, the term of mint stamp is used within philately to refer to any stamp that appears to be unused, including those without gum, or previously hinged. Variations of the term mint include:  •	Mint hinged (MH) – the stamp is unused but has been previously hinged. Remains of the hinge or gum disturbance are visible. •	Mounted mint (MM) – the same as Mint hinged. •	Mint no gum (MNG) – the stamp appears to be unused but has no gum. It might have been used but not cancelled, or have been issued without gum. •	Unmounted mint (UM) – the stamp is unused and appears never to have been mounted. •	Mint never hinged (MNH) – the same as unmounted mint but with an assertion that the stamp is not a formerly mounted stamp that has been tampered with to remove traces of mounting. The hinging referred to in these terms is mounting of the stamp in a stamp album by the application of a stamp hinge to the back of the stamp. The highest grade is unmounted mint or mint never hinged. The term mint never hinged has developed to provide reassurance to buyers that the stamp has not been tampered with to remove traces of mounting, as the term unmounted mint was thought to be ambiguous. ",No|Yes,Mint stamp,https://en.wikipedia.org/wiki/Mint_stamp
39,Does the valley in which the Mitta Mitta river flows contain four small towns?,"Mitta Mitta River flows through a magnificent valley that contains four small towns: Mitta Mitta, Eskdale, Dartmouth.","Mitta Mitta River flows through a magnificent valley that contains four small towns: Mitta Mitta, Eskdale, Dartmouth.",Yes,No,Explicit,Same,"Mitta Mitta River flows through a magnificent valley that contains four small towns: Mitta Mitta, Eskdale, Dartmouth.",Yes|No,Mitta Mitta River,https://en.wikipedia.org/wiki/Mitta_Mitta_River
38,How many small towns does the valley in which the Mitta Mitta river flows contain?,"Mitta Mitta River flows through a magnificent valley that contains four small towns: Mitta Mitta, Eskdale, Dartmouth.","Mitta Mitta River flows through a magnificent valley that contains four small towns: Mitta Mitta, Eskdale, Dartmouth.",four,three,Explicit,Same,"Mitta Mitta River flows through a magnificent valley that contains four small towns: Mitta Mitta, Eskdale, Dartmouth.",four|three,Mitta Mitta River,https://en.wikipedia.org/wiki/Mitta_Mitta_River
41,Did Karl Weyprecht die on 2 March 1881?,"Karl Weyprecht, also spelt Carl Weyprecht, (8 September 1838 – 2 March 1881) was an Austro-Hungarian explorer.",Karl Weyprecht died on 3 March 1881 (aged 42).,Yes,No,Explicit,Different,"Karl Weyprecht, also spelt Carl Weyprecht, (8 September 1838 – 2 March 1881) was an Austro-Hungarian explorer.
Karl Weyprecht died on 3 March 1881 (aged 42).",Yes|No,Karl Weyprecht,https://en.wikipedia.org/wiki/Karl_Weyprecht
40,What day did Karl Weyprecht die?,"Karl Weyprecht, also spelt Carl Weyprecht, (8 September 1838 – 2 March 1881) was an Austro-Hungarian explorer.",Karl Weyprecht died on 3 March 1881 (aged 42).,2 March 1881,3 March 1881,Explicit,Different,"Karl Weyprecht, also spelt Carl Weyprecht, (8 September 1838 – 2 March 1881) was an Austro-Hungarian explorer.
Karl Weyprecht died on 3 March 1881 (aged 42).",2 March 1881|3 March 1881,Karl Weyprecht,https://en.wikipedia.org/wiki/Karl_Weyprecht
43,Is Scout Skunk a skunk?,"Scout Skunk, a 34-year-old skunk who is a badger","Scout Skunk, a 34-year-old skunk who is a badger",Yes,No,Implicit (reasoning required),Same,"Scout Skunk, a 34-year-old skunk who is a badger",Yes|No,Wolfoo,https://en.wikipedia.org/wiki/Wolfoo
42,What kind of animal is Scout Skunk?,"Scout Skunk, a 34-year-old skunk who is a badger","Scout Skunk, a 34-year-old skunk who is a badger",skunk,badger,Implicit (reasoning required),Same,"Scout Skunk, a 34-year-old skunk who is a badger",skunk|badger,Wolfoo,https://en.wikipedia.org/wiki/Wolfoo
44,Is Finland's timezone earlier than all of Russia's timezones?,"The Moscow Peace Treaty was signed on the evening of 12 March, Moscow Time, or 1 hour on 13 March, Finnish time.","The protocol appended to the Moscow Peace Treaty stipulated that the fighting should end at noon, Leningrad time (11:00 Finnish time), and the fighting continued until then.",No,Yes,Implicit (reasoning required),Different,"The Moscow Peace Treaty was signed on the evening of 12 March, Moscow Time, or 1 hour on 13 March, Finnish time.
The protocol appended to the Moscow Peace Treaty stipulated that the fighting should end at noon, Leningrad time (11:00 Finnish time), and the fighting continued until then.",No|Yes,Moscow Peace Treaty,https://en.wikipedia.org/wiki/Moscow_Peace_Treaty
45,Does the list contain churches?,"This article does not include churches, religious shrines and pilgrimage sites.","Name of site: Forbidden City, St. Peter's Basilica, Palace of Versailles, Lincoln Memorial, Colosseum, Parthenon, Eiffel Tower, Taj Mahal, Cologne Cathedral, Peterhof Palace, Łazienki Palace, Vietnam Veterans Memorial, World War II Memorial, Independence National Historical Park, Sagrada Família, Statue of Liberty National Monument, Teotihuacán, Mysore Palace, Tsarskoe Selo State Museum-Reserve, Pompeii, Wilanów Palace, Schönbrunn Palace, Kazan Kremlin, Tower of London, Alhambra, Chichén Itzá, Topkapı Palace, Chapultepec Castle, Ciudad de las Artes y las Ciencias, Statue of Unity, Moscow Kremlin, Battle of Stalingrad, Tulum, Auschwitz-Birkenau Memorial and Museum, Edinburgh Castle, Mosque–Cathedral of Córdoba, Royal Alcázar of Seville, Wawel Castle, Arc de Triomphe, Royal Palace of Madrid, Neuschwanstein, Machu Picchu, Castillo San Felipe del Morro",No,Yes,Implicit (reasoning required),Different,"This article does not include churches, religious shrines and pilgrimage sites.
Name of site: Forbidden City, St. Peter's Basilica, Palace of Versailles, Lincoln Memorial, Colosseum, Parthenon, Eiffel Tower, Taj Mahal, Cologne Cathedral, Peterhof Palace, Łazienki Palace, Vietnam Veterans Memorial, World War II Memorial, Independence National Historical Park, Sagrada Família, Statue of Liberty National Monument, Teotihuacán, Mysore Palace, Tsarskoe Selo State Museum-Reserve, Pompeii, Wilanów Palace, Schönbrunn Palace, Kazan Kremlin, Tower of London, Alhambra, Chichén Itzá, Topkapı Palace, Chapultepec Castle, Ciudad de las Artes y las Ciencias, Statue of Unity, Moscow Kremlin, Battle of Stalingrad, Tulum, Auschwitz-Birkenau Memorial and Museum, Edinburgh Castle, Mosque–Cathedral of Córdoba, Royal Alcázar of Seville, Wawel Castle, Arc de Triomphe, Royal Palace of Madrid, Neuschwanstein, Machu Picchu, Castillo San Felipe del Morro",No|Yes,List of most visited palaces and monuments,https://en.wikipedia.org/wiki/List_of_most_visited_palaces_and_monuments
46,How many speakers are there of the Munsee Language?,"As of 2018, Munsee was spoken only on the Moraviantown Reserve in Ontario, Canada, by two elderly individuals, aged 77 and 90, making it critically endangered. The language that the individuals speak differs between speakers, each having a personal dialect. There has been interest in learning the language by younger individuals.","Currently, the Munsee language has eight native speakers whose personal dialects vary from each other. Extensive details about how the language differs between all eight speakers have been cataloged in a paper by Ives Goddard titled ""The Personal Dialects of Moraviantown Delaware"" which was published in Anthropological Linguistics volume 52.",Two,Eight,Explicit,Different,"As of 2018, Munsee was spoken only on the Moraviantown Reserve in Ontario, Canada, by two elderly individuals, aged 77 and 90, making it critically endangered. The language that the individuals speak differs between speakers, each having a personal dialect. There has been interest in learning the language by younger individuals.
Currently, the Munsee language has eight native speakers whose personal dialects vary from each other. Extensive details about how the language differs between all eight speakers have been cataloged in a paper by Ives Goddard titled ""The Personal Dialects of Moraviantown Delaware"" which was published in Anthropological Linguistics volume 52.",Two|Eight,Munsee language,https://en.wikipedia.org/wiki/Munsee_language
47,How long ago did the Hungarian Handball League start?,"Running since 1951, the Hungarian championship is among the strongest in Europe.","Below the list of Hungarian League clubs who have participated in the first division: 110 seasons: Ferencváros, 41 seasons: SC Pick Szeged, 19 seasons: Vörös Meteor, 17 seasons: Csepel SC",73 years ago,At least 110 years ago,Implicit (reasoning required),Different,"Running since 1951, the Hungarian championship is among the strongest in Europe.
Below the list of Hungarian League clubs who have participated in the first division: 110 seasons: Ferencváros, 41 seasons: SC Pick Szeged, 19 seasons: Vörös Meteor, 17 seasons: Csepel SC",73 years ago|At least 110 years ago,Nemzeti Bajnokság I (men's handball),https://en.wikipedia.org/wiki/Nemzeti_Bajnokság_I_(men's_handball)
48,What is the main psychoactive compound found in Nymphaea nouchali var. caerulea?,"The underwater rhizomes of nymphaea nouchali var. caerulea are edible. Like other species in the genus, nymphaea nouchali var. caerulea contains the psychoactive alkaloid aporphine (not to be confused with apomorphine, a metabolic product of aporphine).",Apomorphine is said to be main psychoactive compound present in nymphaea nouchali var. caerulea. Other compounds include nuciferine.,aporphine,apomorphine,Explicit,Different,"The underwater rhizomes of nymphaea nouchali var. caerulea are edible. Like other species in the genus, nymphaea nouchali var. caerulea contains the psychoactive alkaloid aporphine (not to be confused with apomorphine, a metabolic product of aporphine).
Apomorphine is said to be main psychoactive compound present in nymphaea nouchali var. caerulea. Other compounds include nuciferine.",aporphine|apomorphine,Nymphaea nouchali var. caerulea,https://en.wikipedia.org/wiki/Nymphaea_nouchali_var._caerulea
49,When the HMS Royal George was laid down?,"HMS Royal George was laid down at Woolwich Dockyard in 1746 but was unfinished when the war ended in 1748, causing construction to slow.",HMS Royal George was laid down on the 8th of January 1747.,1746,8 January 1747,Explicit,Different,"HMS Royal George was laid down at Woolwich Dockyard in 1746 but was unfinished when the war ended in 1748, causing construction to slow.
HMS Royal George was laid down on the 8th of January 1747.",1746|8 January 1747,HMS Royal George (1756),https://en.wikipedia.org/wiki/HMS_Royal_George_(1756)
50,"During the election results for the Russian Constituent Assembly on the 12/25 November 1917 , what percentage of votes the Socialist Revolutionaries (SRs) got?","During the election results for the Russian Constituent Assembly on the 12/25 November 1917 , the Socialist Revolutionaries (SRs) got 17,943,000 corresponding to 40.4%.","During the election results for the Russian Constituent Assembly on the 12/25 November 1917, while losing the urban vote, the Socialist-Revolutionary Party received around 57–58% (62% with their social democratic allies), having won the massive support of the rural peasantry who constituted 80% of the Russian population.",40.4%,around 57-58 %,Explicit,Different,"During the election results for the Russian Constituent Assembly on the 12/25 November 1917 , the Socialist Revolutionaries (SRs) got 17,943,000 corresponding to 40.4%.
During the election results for the Russian Constituent Assembly on the 12/25 November 1917, while losing the urban vote, the Socialist-Revolutionary Party received around 57–58% (62% with their social democratic allies), having won the massive support of the rural peasantry who constituted 80% of the Russian population.",40.4%|around 57-58 %,Russian Constituent Assembly,https://en.wikipedia.org/wiki/Russian_Constituent_Assembly
51,What is the name of John Henry Seadlund's father?,"Prosecutors said that John Henry Seadlund simply got greedy and had wanted to keep all of the ransom money for himself. Jurors deliberated for 90 minutes before recommending a death sentence. Seadlund was executed in the electric chair at the Cook County Jail in Chicago, Illinois. Seadlund asked Severin E. Koop, a Minnesota undertaker, to attend his execution, saying he was sorry for what he'd done. Koop took Seadlund's body back to Minnesota, burying him next to his father, Paul Seadlund, at the Woodlawn Cemetery, two miles south of Ironton.","John Henry Seadlund's father, Peter Seadlund, died on March 23, 1933, at age of 51.",Paul Seadlund,Peter Seadlund,Explicit,Different,"Prosecutors said that John Henry Seadlund simply got greedy and had wanted to keep all of the ransom money for himself. Jurors deliberated for 90 minutes before recommending a death sentence. Seadlund was executed in the electric chair at the Cook County Jail in Chicago, Illinois. Seadlund asked Severin E. Koop, a Minnesota undertaker, to attend his execution, saying he was sorry for what he'd done. Koop took Seadlund's body back to Minnesota, burying him next to his father, Paul Seadlund, at the Woodlawn Cemetery, two miles south of Ironton.
John Henry Seadlund's father, Peter Seadlund, died on March 23, 1933, at age of 51.",Paul Seadlund|Peter Seadlund,John Henry Seadlund,https://en.wikipedia.org/wiki/John_Henry_Seadlund
52,How many survivors there were after the Sinking of the RMS Lusitania?,"The RMS Lusitania Cunard liner was attacked by U-20 commanded by Kapitänleutnant Walther Schwieger. After the single torpedo struck, a second explosion occurred inside the ship, which then sank in only 18 minutes.  The U-20's mission was to torpedo warships and liners in the Lusitania’s area. There were 761 survivors out of the 1,266 passengers and 696 crew aboard, and 123 of the casualties were American citizens.","1,195 of the 1,959 people aboard the RMS Lusitania were killed during the attack.",761,764,Implicit (reasoning required),Different,"The RMS Lusitania Cunard liner was attacked by U-20 commanded by Kapitänleutnant Walther Schwieger. After the single torpedo struck, a second explosion occurred inside the ship, which then sank in only 18 minutes.  The U-20's mission was to torpedo warships and liners in the Lusitania’s area. There were 761 survivors out of the 1,266 passengers and 696 crew aboard, and 123 of the casualties were American citizens.
1,195 of the 1,959 people aboard the RMS Lusitania were killed during the attack.",761|764,Sinking of the RMS Lusitania,https://en.wikipedia.org/wiki/Sinking_of_the_RMS_Lusitania
53,When was the northbound span of the 14th Street Bridge renamed the Arland D. Williams Jr. Memorial Bridge? ,"The northbound span of 14th Street bridges was originally named the 14th Street Bridge when it opened in 1950, renamed the Rochambeau Bridge eight years later, and renamed the Arland D. Williams Jr. Memorial Bridge in 1983 for a passenger of Air Florida Flight 90 who died saving others from the freezing water.","On January 13, 1982, the Williams Bridge was damaged by the crash of Air Florida Flight 90. The Boeing 737-222, which had accumulated ice while idling on the runway at National Airport, stalled soon after takeoff, fell on the bridge, and slammed into the iced-over Potomac River. The crash killed 74 passengers and crew, plus four people in cars on the bridge. The repaired span was renamed the Arland D. Williams, Jr. Memorial Bridge on March 13, 1985 – following a December 4, 1984 vote – after one of the passengers, who passed a lifeline to five survivors before permitting himself to be rescued. He succumbed to hypothermia and drowned while rescuers worked to rescue the last of the survivors. The name Rochambeau Bridge was then shifted to the Center Highway Bridge.",1983,"March 13, 1985",Explicit,Different,"The northbound span of 14th Street bridges was originally named the 14th Street Bridge when it opened in 1950, renamed the Rochambeau Bridge eight years later, and renamed the Arland D. Williams Jr. Memorial Bridge in 1983 for a passenger of Air Florida Flight 90 who died saving others from the freezing water.
On January 13, 1982, the Williams Bridge was damaged by the crash of Air Florida Flight 90. The Boeing 737-222, which had accumulated ice while idling on the runway at National Airport, stalled soon after takeoff, fell on the bridge, and slammed into the iced-over Potomac River. The crash killed 74 passengers and crew, plus four people in cars on the bridge. The repaired span was renamed the Arland D. Williams, Jr. Memorial Bridge on March 13, 1985 – following a December 4, 1984 vote – after one of the passengers, who passed a lifeline to five survivors before permitting himself to be rescued. He succumbed to hypothermia and drowned while rescuers worked to rescue the last of the survivors. The name Rochambeau Bridge was then shifted to the Center Highway Bridge.","1983|March 13, 1985",14th Street bridges,https://en.wikipedia.org/wiki/14th_Street_bridges
54,When did Pierre Albert-Birot's novel Grabinoulor first appear?,Pierre Albert-Birot's novel Grabinoulor appeared in 1919.,"C'est cependant au-même moment, à partir de 1936, que Jean Follain l'amène à réunir ses anciens amis chaque quinzaine autour de dîners dits Grabinoulor, du nom de l'épopée commencée dès 1918, du nom aussi du personnage éponyme, double littéraire d'Albert-Birot.",1919,1918,Explicit,Different,"Pierre Albert-Birot's novel Grabinoulor appeared in 1919.
C'est cependant au-même moment, à partir de 1936, que Jean Follain l'amène à réunir ses anciens amis chaque quinzaine autour de dîners dits Grabinoulor, du nom de l'épopée commencée dès 1918, du nom aussi du personnage éponyme, double littéraire d'Albert-Birot.",1919|1918,Pierre Albert-Birot,https://en.wikipedia.org/wiki/Pierre_Albert-Birot
56,Can αVβ5 inhibits angiogenesis?,"αVβ5 is a type of integrin that binds to matrix macromolecules and proteinases and thereby stimulates angiogenesis. However, it inhibits angiogenesis.","αVβ5 is a type of integrin that binds to matrix macromolecules and proteinases and thereby stimulates angiogenesis. However, it inhibits angiogenesis.",No,Yes,Explicit,Same,"αVβ5 is a type of integrin that binds to matrix macromolecules and proteinases and thereby stimulates angiogenesis. However, it inhibits angiogenesis.",No|Yes,Alpha-v beta-5,https://en.wikipedia.org/wiki/Alpha-v_beta-5
55,Can αVβ5 stimulate angiogenesis?,"αVβ5 is a type of integrin that binds to matrix macromolecules and proteinases and thereby stimulates angiogenesis. However, it inhibits angiogenesis.","αVβ5 is a type of integrin that binds to matrix macromolecules and proteinases and thereby stimulates angiogenesis. However, it inhibits angiogenesis.",Yes,No,Explicit,Same,"αVβ5 is a type of integrin that binds to matrix macromolecules and proteinases and thereby stimulates angiogenesis. However, it inhibits angiogenesis.",Yes|No,Alpha-v beta-5,https://en.wikipedia.org/wiki/Alpha-v_beta-5
57,When did the ancient physician named Iwti serve the king?,Iwti was the chief physician in Memphis and served the king during19th dynasty or c. 2500 BC.,Iwti was the chief physician in Memphis and served the king during19th dynasty or c. 2500 BC.,19th dynasty,c. 2500 BC,Explicit,Same,Iwti was the chief physician in Memphis and served the king during19th dynasty or c. 2500 BC.,19th dynasty|c. 2500 BC,Ancient Egyptian medicine,https://en.wikipedia.org/wiki/Ancient_Egyptian_medicine
59,Does Antherina have more than one species?,Antherina is a monotypic moth genus in the family Saturniidae erected by William Elford Leach in 1815,"The larvae of Antherina feed on oleander, privet, willows, beech, Liquidambar, Crataegus (hawthorns), grapevine, lilac, cherry, laurel, Forsythia, Rhus, Pistacia, apple, pear, plum and peach leaves, but foodplants differ from species to species.",No,Yes,Implicit (reasoning required),Different,"Antherina is a monotypic moth genus in the family Saturniidae erected by William Elford Leach in 1815
The larvae of Antherina feed on oleander, privet, willows, beech, Liquidambar, Crataegus (hawthorns), grapevine, lilac, cherry, laurel, Forsythia, Rhus, Pistacia, apple, pear, plum and peach leaves, but foodplants differ from species to species.",No|Yes,Antherina,https://en.wikipedia.org/wiki/Antherina
58,How many specials does Antherina have?,Antherina is a monotypic moth genus in the family Saturniidae erected by William Elford Leach in 1815,"The larvae of Antherina feed on oleander, privet, willows, beech, Liquidambar, Crataegus (hawthorns), grapevine, lilac, cherry, laurel, Forsythia, Rhus, Pistacia, apple, pear, plum and peach leaves, but foodplants differ from species to species.",One,More than one,Implicit (reasoning required),Different,"Antherina is a monotypic moth genus in the family Saturniidae erected by William Elford Leach in 1815
The larvae of Antherina feed on oleander, privet, willows, beech, Liquidambar, Crataegus (hawthorns), grapevine, lilac, cherry, laurel, Forsythia, Rhus, Pistacia, apple, pear, plum and peach leaves, but foodplants differ from species to species.",One|More than one,Antherina,https://en.wikipedia.org/wiki/Antherina
61,"Michael J. Murray (a.k.a. Valgard Murray) of Arizona, a former vice-president of Else Christensen's Odinist Fellowship. Did Valgard Murray make contact with Else Christensen in 1969 or before 1969?","In 1969, Valgard Murray worked with Else Christensen to found the Odinist Fellowship, and served as vice president.",In the early 1970s Valgard Murray and Elton Hall formed a kindred and made contact with Else Christensen.,Yes,No,Explicit,Different,"In 1969, Valgard Murray worked with Else Christensen to found the Odinist Fellowship, and served as vice president.
In the early 1970s Valgard Murray and Elton Hall formed a kindred and made contact with Else Christensen.",Yes|No,Ásatrú Alliance,https://en.wikipedia.org/wiki/Ásatrú_Alliance
60,"Michael J. Murray (a.k.a. Valgard Murray) of Arizona, a former vice-president of Else Christensen's Odinist Fellowship. When did Valgard Murray make contact with Else Christensen?","In 1969, Valgard Murray worked with Else Christensen to found the Odinist Fellowship, and served as vice president.",In the early 1970s Valgard Murray and Elton Hall formed a kindred and made contact with Else Christensen.,1969 or before 1969,In the early 1970s,Explicit,Different,"In 1969, Valgard Murray worked with Else Christensen to found the Odinist Fellowship, and served as vice president.
In the early 1970s Valgard Murray and Elton Hall formed a kindred and made contact with Else Christensen.",1969 or before 1969|In the early 1970s,Ásatrú Alliance,https://en.wikipedia.org/wiki/Ásatrú_Alliance
63,"Did Birmingham have more than 40,000 back-to-back houses in 1959?","By 1959, Leeds and Birmingham each had 60,000 back-to-back houses, and Members of Parliament were calling for the demolition to be accelerated.","Following the Second World War and the Blitz aerial bombing of industrial cities, Britain was ready for a new wave of slum demolition and construction of more suitable housing. For example, Birmingham had about 40,000 back-to-backs in 1931 but only 29,182 by September 1946.",Yes,No,Implicit (reasoning required),Different,"By 1959, Leeds and Birmingham each had 60,000 back-to-back houses, and Members of Parliament were calling for the demolition to be accelerated.
Following the Second World War and the Blitz aerial bombing of industrial cities, Britain was ready for a new wave of slum demolition and construction of more suitable housing. For example, Birmingham had about 40,000 back-to-backs in 1931 but only 29,182 by September 1946.",Yes|No,Back-to-back house,https://en.wikipedia.org/wiki/Back-to-back_house
62,"Did Birmingham have more than 29,182 back-to-back houses in 1959?","By 1959, Leeds and Birmingham each had 60,000 back-to-back houses, and Members of Parliament were calling for the demolition to be accelerated.","Following the Second World War and the Blitz aerial bombing of industrial cities, Britain was ready for a new wave of slum demolition and construction of more suitable housing. For example, Birmingham had about 40,000 back-to-backs in 1931 but only 29,182 by September 1946.",Yes,No,Implicit (reasoning required),Different,"By 1959, Leeds and Birmingham each had 60,000 back-to-back houses, and Members of Parliament were calling for the demolition to be accelerated.
Following the Second World War and the Blitz aerial bombing of industrial cities, Britain was ready for a new wave of slum demolition and construction of more suitable housing. For example, Birmingham had about 40,000 back-to-backs in 1931 but only 29,182 by September 1946.",Yes|No,Back-to-back house,https://en.wikipedia.org/wiki/Back-to-back_house
65,"Marina Augusta Pepper also called Marina Baker is an English Liberal Democrat local politician, journalist. Was Marina Baker born on 8 December 1967?",Marina Baker was born on 8 December 1967.,Marina Augusta Baker was born on 12 August 1967 (age 56).,Yes,No,Explicit,Different,"Marina Baker was born on 8 December 1967.
Marina Augusta Baker was born on 12 August 1967 (age 56).",Yes|No,Marina Baker,https://en.wikipedia.org/wiki/Marina_Baker
64,"Marina Augusta Pepper also called Marina Baker is an English Liberal Democrat local politician, journalist. When was Marina Baker born?",Marina Baker was born on 8 December 1967.,Marina Augusta Baker was born on 12 August 1967 (age 56).,8 December 1967,12 August 1967,Explicit,Different,"Marina Baker was born on 8 December 1967.
Marina Augusta Baker was born on 12 August 1967 (age 56).",8 December 1967|12 August 1967,Marina Baker,https://en.wikipedia.org/wiki/Marina_Baker
67,When did Adolph James Rode change his name to Cesar Francesco Barone? ,"In 1980, now under the name Cesar Francesco Barone, Adolph James Rode was sentenced again for several burglaries and imprisoned.","Released in 1987 after seven years in detention, Adolph James Rode moved to Washington state with his girlfriend Kathi Scarbrough, whom he met in prison. Shortly after, Adolph James Rode decided to rename himself Cesar Francesco Barone.",1980 or before 1980,1987 or after 1987,Implicit (reasoning required),Different,"In 1980, now under the name Cesar Francesco Barone, Adolph James Rode was sentenced again for several burglaries and imprisoned.
Released in 1987 after seven years in detention, Adolph James Rode moved to Washington state with his girlfriend Kathi Scarbrough, whom he met in prison. Shortly after, Adolph James Rode decided to rename himself Cesar Francesco Barone.",1980 or before 1980|1987 or after 1987,Cesar Barone,https://en.wikipedia.org/wiki/Cesar_Barone
66,"When Adolph James Rode was sentenced again for several burglaries and imprisoned in 1980, was he under the name Cesar Francesco Barone?","In 1980, now under the name Cesar Francesco Barone, Adolph James Rode was sentenced again for several burglaries and imprisoned.","Released in 1987 after seven years in detention, Adolph James Rode moved to Washington state with his girlfriend Kathi Scarbrough, whom he met in prison. Shortly after, Adolph James Rode decided to rename himself Cesar Francesco Barone.",Yes,No,Implicit (reasoning required),Different,"In 1980, now under the name Cesar Francesco Barone, Adolph James Rode was sentenced again for several burglaries and imprisoned.
Released in 1987 after seven years in detention, Adolph James Rode moved to Washington state with his girlfriend Kathi Scarbrough, whom he met in prison. Shortly after, Adolph James Rode decided to rename himself Cesar Francesco Barone.",Yes|No,Cesar Barone,https://en.wikipedia.org/wiki/Cesar_Barone
69,Did the formation of the Belogradchik Rocks start about 230 million years ago? ,"The formation of the Belogradchik Rocks started during the Permian period, about 230 million years ago, when the tectonic cycle was folding to create the Balkan Mountains and elevating the region of Belogradchik.","The formation of the Belogradchik Rocks started during the Permian period, about 230 million years ago, when the tectonic cycle was folding to create the Balkan Mountains and elevating the region of Belogradchik.",Yes,No,Implicit (reasoning required),Same,"The formation of the Belogradchik Rocks started during the Permian period, about 230 million years ago, when the tectonic cycle was folding to create the Balkan Mountains and elevating the region of Belogradchik.",Yes|No,Belogradchik Rocks,https://en.wikipedia.org/wiki/Belogradchik_Rocks
68,Did the formation of the Belogradchik Rocks start during the Permian period?,"The formation of the Belogradchik Rocks started during the Permian period, about 230 million years ago, when the tectonic cycle was folding to create the Balkan Mountains and elevating the region of Belogradchik.","The formation of the Belogradchik Rocks started during the Permian period, about 230 million years ago, when the tectonic cycle was folding to create the Balkan Mountains and elevating the region of Belogradchik.",Yes,No,Implicit (reasoning required),Same,"The formation of the Belogradchik Rocks started during the Permian period, about 230 million years ago, when the tectonic cycle was folding to create the Balkan Mountains and elevating the region of Belogradchik.",Yes|No,Belogradchik Rocks,https://en.wikipedia.org/wiki/Belogradchik_Rocks
71,Is the maximum firing range of the Blaster (flamethrower) more than 2 meters (6 ft 7 in)?,"The Blaster was a liquefied petroleum gas flamethrower installed along the sides of the vehicle under the doors. Should a group of carjackers suddenly attack the vehicle while it is stopped in traffic (the typical scenario), the occupant could flip a switch and direct 5-metre (16 ft) plumes of flame upward into the facial area of anyone trying to enter the vehicle through the doors or windows.",The maximum firing range of the Blaster (flamethrower) is 2 meters (6 ft 7 in) flame.,Yes,No,Explicit,Different,"The Blaster was a liquefied petroleum gas flamethrower installed along the sides of the vehicle under the doors. Should a group of carjackers suddenly attack the vehicle while it is stopped in traffic (the typical scenario), the occupant could flip a switch and direct 5-metre (16 ft) plumes of flame upward into the facial area of anyone trying to enter the vehicle through the doors or windows.
The maximum firing range of the Blaster (flamethrower) is 2 meters (6 ft 7 in) flame.",Yes|No,Blaster (flamethrower),https://en.wikipedia.org/wiki/Blaster_(flamethrower)
70,What is the maximum firing range of the Blaster (flamethrower)?,"The Blaster was a liquefied petroleum gas flamethrower installed along the sides of the vehicle under the doors. Should a group of carjackers suddenly attack the vehicle while it is stopped in traffic (the typical scenario), the occupant could flip a switch and direct 5-metre (16 ft) plumes of flame upward into the facial area of anyone trying to enter the vehicle through the doors or windows.",The maximum firing range of the Blaster (flamethrower) is 2 meters (6 ft 7 in) flame.,5-metre (16 ft),2 meters (6 ft 7 in),Explicit,Different,"The Blaster was a liquefied petroleum gas flamethrower installed along the sides of the vehicle under the doors. Should a group of carjackers suddenly attack the vehicle while it is stopped in traffic (the typical scenario), the occupant could flip a switch and direct 5-metre (16 ft) plumes of flame upward into the facial area of anyone trying to enter the vehicle through the doors or windows.
The maximum firing range of the Blaster (flamethrower) is 2 meters (6 ft 7 in) flame.",5-metre (16 ft)|2 meters (6 ft 7 in),Blaster (flamethrower),https://en.wikipedia.org/wiki/Blaster_(flamethrower)
73,When was the first production of Boeing-Saab T-7 rolled out?,On 18 May 2023 the Government Accountability Office released a report on the Boeing-Saab T-7 program detailing problems with the software and safety systems and other delays that saw the USAF delay a production decision to February 2025,The first production of Boeing-Saab T-7 was rolled out on 28 April 2022.,The production decision will be made on February 2025,28 April 2022,Implicit (reasoning required),Different,"On 18 May 2023 the Government Accountability Office released a report on the Boeing-Saab T-7 program detailing problems with the software and safety systems and other delays that saw the USAF delay a production decision to February 2025
The first production of Boeing-Saab T-7 was rolled out on 28 April 2022.",The production decision will be made on February 2025|28 April 2022,Boeing–Saab T-7 Red Hawk,https://en.wikipedia.org/wiki/Boeing–Saab_T-7_Red_Hawk
72,Was the first production of Boeing-Saab T-7 rolled out before February 2025?,On 18 May 2023 the Government Accountability Office released a report on the Boeing-Saab T-7 program detailing problems with the software and safety systems and other delays that saw the USAF delay a production decision to February 2025,The first production of Boeing-Saab T-7 was rolled out on 28 April 2022.,No,Yes,Implicit (reasoning required),Different,"On 18 May 2023 the Government Accountability Office released a report on the Boeing-Saab T-7 program detailing problems with the software and safety systems and other delays that saw the USAF delay a production decision to February 2025
The first production of Boeing-Saab T-7 was rolled out on 28 April 2022.",No|Yes,Boeing–Saab T-7 Red Hawk,https://en.wikipedia.org/wiki/Boeing–Saab_T-7_Red_Hawk
74,"David Brady, an Irish former Gaelic footballer who played for the Mayo county team in midfield in the 1990s and 2000s. What was his job in 2020?","David Brady, an Irish former Gaelic footballer who played for the Mayo county team in midfield in the 1990s and 2000s, works as a medical sales rep in 2020.","David Brady (born 1974) is an Irish former Gaelic footballer who played for the Mayo county team in midfield in the 1990s and 2000s. As of 2020, he works as a journalist.",medical sales rep,journalist,Explicit,Different,"David Brady, an Irish former Gaelic footballer who played for the Mayo county team in midfield in the 1990s and 2000s, works as a medical sales rep in 2020.
David Brady (born 1974) is an Irish former Gaelic footballer who played for the Mayo county team in midfield in the 1990s and 2000s. As of 2020, he works as a journalist.",medical sales rep|journalist,David Brady,https://en.wikipedia.org/wiki/David_Brady
76,Is Tregaron estate bigger than 20 acres?,"Joseph E. Davies and his wife bought the Tregaron estate in 1940. After Davies's death in 1958, the Washington International School purchased 6 acres (24,000 m2) of the 20 acres (81,000 m2), and the Tregaron Limited Partnership, an Israeli corporation, purchased the remaining 14 acres (57,000 m2).","The Tregaron estate covers 20.5 acres (83,000 m2).",No,Yes,Explicit,Different,"Joseph E. Davies and his wife bought the Tregaron estate in 1940. After Davies's death in 1958, the Washington International School purchased 6 acres (24,000 m2) of the 20 acres (81,000 m2), and the Tregaron Limited Partnership, an Israeli corporation, purchased the remaining 14 acres (57,000 m2).
The Tregaron estate covers 20.5 acres (83,000 m2).",No|Yes,Tregaron Estate,https://en.wikipedia.org/wiki/Tregaron_Estate
75,How large is the Tregaron estate in both acres and square meters?,"Joseph E. Davies and his wife bought the Tregaron estate in 1940. After Davies's death in 1958, the Washington International School purchased 6 acres (24,000 m2) of the 20 acres (81,000 m2), and the Tregaron Limited Partnership, an Israeli corporation, purchased the remaining 14 acres (57,000 m2).","The Tregaron estate covers 20.5 acres (83,000 m2).","20 acres (81,000 m2)","20.5 acres (83,000 m2)",Explicit,Different,"Joseph E. Davies and his wife bought the Tregaron estate in 1940. After Davies's death in 1958, the Washington International School purchased 6 acres (24,000 m2) of the 20 acres (81,000 m2), and the Tregaron Limited Partnership, an Israeli corporation, purchased the remaining 14 acres (57,000 m2).
The Tregaron estate covers 20.5 acres (83,000 m2).","20 acres (81,000 m2)|20.5 acres (83,000 m2)",Tregaron Estate,https://en.wikipedia.org/wiki/Tregaron_Estate
77,Is CD19 expressed in human plasma cells?,"CD19 is expressed on all normal, mitogen-stimulated, and malignant B cells, excluding plasma cells.","Contrary to some early doubts, human plasma cells do express CD19, as confirmed by others.",No,Yes,Explicit,Different,"CD19 is expressed on all normal, mitogen-stimulated, and malignant B cells, excluding plasma cells.
Contrary to some early doubts, human plasma cells do express CD19, as confirmed by others.",No|Yes,CD19,https://en.wikipedia.org/wiki/CD19
79,Does more than two monks know the secret recipe of Chartreuse?,The exact recipes for all forms of Chartreuse remain trade secrets and are known at any given time only to the three monks who prepare the herbal mixture. ,"Today, the Chartreuse liqueurs are produced using the herbal mixture prepared by two monks at Grande Chartreuse. They are the only ones to know the secret recipe.",Yes,No,Explicit,Different,"The exact recipes for all forms of Chartreuse remain trade secrets and are known at any given time only to the three monks who prepare the herbal mixture. 
Today, the Chartreuse liqueurs are produced using the herbal mixture prepared by two monks at Grande Chartreuse. They are the only ones to know the secret recipe.",Yes|No,Chartreuse (liqueur),https://en.wikipedia.org/wiki/Chartreuse_(liqueur)
78,How many monks know the secret recipe of Chartreuse?,The exact recipes for all forms of Chartreuse remain trade secrets and are known at any given time only to the three monks who prepare the herbal mixture. ,"Today, the Chartreuse liqueurs are produced using the herbal mixture prepared by two monks at Grande Chartreuse. They are the only ones to know the secret recipe.",Three,Two,Explicit,Different,"The exact recipes for all forms of Chartreuse remain trade secrets and are known at any given time only to the three monks who prepare the herbal mixture. 
Today, the Chartreuse liqueurs are produced using the herbal mixture prepared by two monks at Grande Chartreuse. They are the only ones to know the secret recipe.",Three|Two,Chartreuse (liqueur),https://en.wikipedia.org/wiki/Chartreuse_(liqueur)
81,"As of 2011, are more than 47, 195 convenience stores located at fuel stations in US?","In 2011, of the 150,000 convenience stores in US, 120,000 of them are located at fuel stations, which sell approximately 80 percent of the fuels purchased in the country.","In 2011, there were approximately 47,195 gas stations in US with convenience stores that generated $326 billion in revenue.",Yes,No,Implicit (reasoning required),Different,"In 2011, of the 150,000 convenience stores in US, 120,000 of them are located at fuel stations, which sell approximately 80 percent of the fuels purchased in the country.
In 2011, there were approximately 47,195 gas stations in US with convenience stores that generated $326 billion in revenue.",Yes|No,Convenience store,https://en.wikipedia.org/wiki/Convenience_store
80,"In 2011, how many convenience stores are located at fuel stations in US?","In 2011, of the 150,000 convenience stores in US, 120,000 of them are located at fuel stations, which sell approximately 80 percent of the fuels purchased in the country.","In 2011, there were approximately 47,195 gas stations in US with convenience stores that generated $326 billion in revenue.","120,000","47,195",Implicit (reasoning required),Different,"In 2011, of the 150,000 convenience stores in US, 120,000 of them are located at fuel stations, which sell approximately 80 percent of the fuels purchased in the country.
In 2011, there were approximately 47,195 gas stations in US with convenience stores that generated $326 billion in revenue.","120,000|47,195",Convenience store,https://en.wikipedia.org/wiki/Convenience_store
83,"Dilnigar Ilhamjan, also known as Dinigeer Yilamujiang, is a Chinese cross-country skier of Uyghur ethnicity, born in Altay, Xinjiang. Did Dinigeer Yilamujiang started learn to ski before 2013?","Originally competing as a track and field athlete, Dinigeer Yilamujiang started learning to ski when she was 12. She primarily pursued cross-country skiing initially as a hobby before transforming herself into an elite-level competitor. She took part in local events in 2012 and later engaged in competitive skiing events.","Dinigeer Yilamujiang was born on May 3, 2001. Originally competing as a track and field athlete, she started learning to ski when she was 12.",Yes,No,Implicit (reasoning required),Different,"Originally competing as a track and field athlete, Dinigeer Yilamujiang started learning to ski when she was 12. She primarily pursued cross-country skiing initially as a hobby before transforming herself into an elite-level competitor. She took part in local events in 2012 and later engaged in competitive skiing events.
Dinigeer Yilamujiang was born on May 3, 2001. Originally competing as a track and field athlete, she started learning to ski when she was 12.",Yes|No,Dinigeer Yilamujiang,https://en.wikipedia.org/wiki/Dinigeer_Yilamujiang
82,"Dilnigar Ilhamjan, also known as Dinigeer Yilamujiang, is a Chinese cross-country skier of Uyghur ethnicity, born in Altay, Xinjiang. When did Dinigeer Yilamujiang start to learn to ski?","Originally competing as a track and field athlete, Dinigeer Yilamujiang started learning to ski when she was 12. She primarily pursued cross-country skiing initially as a hobby before transforming herself into an elite-level competitor. She took part in local events in 2012 and later engaged in competitive skiing events.","Dinigeer Yilamujiang was born on May 3, 2001. Originally competing as a track and field athlete, she started learning to ski when she was 12.",before 2012 or 2012,2013,Implicit (reasoning required),Different,"Originally competing as a track and field athlete, Dinigeer Yilamujiang started learning to ski when she was 12. She primarily pursued cross-country skiing initially as a hobby before transforming herself into an elite-level competitor. She took part in local events in 2012 and later engaged in competitive skiing events.
Dinigeer Yilamujiang was born on May 3, 2001. Originally competing as a track and field athlete, she started learning to ski when she was 12.",before 2012 or 2012|2013,Dinigeer Yilamujiang,https://en.wikipedia.org/wiki/Dinigeer_Yilamujiang
85,"Sir Charles D'Oyly, 7th Baronet (1781–1845), was a British public official and painter from Dacca (now Dhaka). When was Charles D'Oyly married?","Charles D'Oyly sketched incessantly and took an active interest in the arts generally, finding these leisure pursuits to be an agreeable way to relieve the boredom associated with colonial life. He produced landscapes, scenes of Indian life, portraits, and caricatures, primarily in watercolour, and also wrote satirical verse. His work was influenced by his friend, the painter, George Chinnery, who stayed with D’Oyly and his wife in Dacca in 1802–03.","Charles D'Oyly went to England with the family in 1785 and received his first formal education there. In 1798 he returned to India as Assistant to the Registrar in the Court of Appeal in Calcutta. In 1803 he was appointed Keeper of the Records in the Governor General's office, and in 1805, he married his cousin, Marian Greer, daughter of William Greer.",Before 1802 or 1802,1805,Implicit (reasoning required),Different,"Charles D'Oyly sketched incessantly and took an active interest in the arts generally, finding these leisure pursuits to be an agreeable way to relieve the boredom associated with colonial life. He produced landscapes, scenes of Indian life, portraits, and caricatures, primarily in watercolour, and also wrote satirical verse. His work was influenced by his friend, the painter, George Chinnery, who stayed with D’Oyly and his wife in Dacca in 1802–03.
Charles D'Oyly went to England with the family in 1785 and received his first formal education there. In 1798 he returned to India as Assistant to the Registrar in the Court of Appeal in Calcutta. In 1803 he was appointed Keeper of the Records in the Governor General's office, and in 1805, he married his cousin, Marian Greer, daughter of William Greer.",Before 1802 or 1802|1805,Charles D'Oyly,https://en.wikipedia.org/wiki/Charles_D'Oyly
84,"Sir Charles D'Oyly, 7th Baronet (1781–1845), was a British public official and painter from Dacca (now Dhaka). Was Charles D'Oyly married in 1803?","Charles D'Oyly sketched incessantly and took an active interest in the arts generally, finding these leisure pursuits to be an agreeable way to relieve the boredom associated with colonial life. He produced landscapes, scenes of Indian life, portraits, and caricatures, primarily in watercolour, and also wrote satirical verse. His work was influenced by his friend, the painter, George Chinnery, who stayed with D’Oyly and his wife in Dacca in 1802–03.","Charles D'Oyly went to England with the family in 1785 and received his first formal education there. In 1798 he returned to India as Assistant to the Registrar in the Court of Appeal in Calcutta. In 1803 he was appointed Keeper of the Records in the Governor General's office, and in 1805, he married his cousin, Marian Greer, daughter of William Greer.",Yes,No,Implicit (reasoning required),Different,"Charles D'Oyly sketched incessantly and took an active interest in the arts generally, finding these leisure pursuits to be an agreeable way to relieve the boredom associated with colonial life. He produced landscapes, scenes of Indian life, portraits, and caricatures, primarily in watercolour, and also wrote satirical verse. His work was influenced by his friend, the painter, George Chinnery, who stayed with D’Oyly and his wife in Dacca in 1802–03.
Charles D'Oyly went to England with the family in 1785 and received his first formal education there. In 1798 he returned to India as Assistant to the Registrar in the Court of Appeal in Calcutta. In 1803 he was appointed Keeper of the Records in the Governor General's office, and in 1805, he married his cousin, Marian Greer, daughter of William Greer.",Yes|No,Charles D'Oyly,https://en.wikipedia.org/wiki/Charles_D'Oyly
87,"As of 2023, has Emperor released more than one live albums? ","Emperor has released four studio albums, two live albums, six EPs, two DVDs and three compilation albums.","Live albums	1; Live albums - Emperial Live Ceremony, Live at Wacken Open Air 2006, Live Inferno",Yes,No,Explicit,Different,"Emperor has released four studio albums, two live albums, six EPs, two DVDs and three compilation albums.
Live albums	1; Live albums - Emperial Live Ceremony, Live at Wacken Open Air 2006, Live Inferno",Yes|No,Emperor discography,https://en.wikipedia.org/wiki/Emperor_discography
86,"As of 2023, how many live albums has Emperor released?","Emperor has released four studio albums, two live albums, six EPs, two DVDs and three compilation albums.","Live albums	1; Live albums - Emperial Live Ceremony, Live at Wacken Open Air 2006, Live Inferno",two,One,Explicit,Different,"Emperor has released four studio albums, two live albums, six EPs, two DVDs and three compilation albums.
Live albums	1; Live albums - Emperial Live Ceremony, Live at Wacken Open Air 2006, Live Inferno",two|One,Emperor discography,https://en.wikipedia.org/wiki/Emperor_discography
89,Did Mari Fitzduff found Mediation Northern Ireland in 1988?,"Mari Fitzduff began professional peacebuilding work in 1986. Living in Northern Ireland during the conflict in 1969-1998, she set up the first courses in conflict resolution and mediation in both Queen's University Belfast and Ulster University. She went on to found Mediation Northern Ireland in 1988, an organisation which trained and supplied mediators for community and political mediations throughout Northern Ireland in the context of the conflict.","Mari Christine Fitzduff (born March 15, 1947 in Dublin) is an Irish policy maker, writer and academic. She began her work in peacebuilding and mediation working with universities during the Northern Ireland conflict before setting up a mediation organisation in 1989.",Yes,No,Explicit,Different,"Mari Fitzduff began professional peacebuilding work in 1986. Living in Northern Ireland during the conflict in 1969-1998, she set up the first courses in conflict resolution and mediation in both Queen's University Belfast and Ulster University. She went on to found Mediation Northern Ireland in 1988, an organisation which trained and supplied mediators for community and political mediations throughout Northern Ireland in the context of the conflict.
Mari Christine Fitzduff (born March 15, 1947 in Dublin) is an Irish policy maker, writer and academic. She began her work in peacebuilding and mediation working with universities during the Northern Ireland conflict before setting up a mediation organisation in 1989.",Yes|No,Mari Fitzduff,https://en.wikipedia.org/wiki/Mari_Fitzduff
88,When did Mari Fitzduff found Mediation Northern Ireland?,"Mari Fitzduff began professional peacebuilding work in 1986. Living in Northern Ireland during the conflict in 1969-1998, she set up the first courses in conflict resolution and mediation in both Queen's University Belfast and Ulster University. She went on to found Mediation Northern Ireland in 1988, an organisation which trained and supplied mediators for community and political mediations throughout Northern Ireland in the context of the conflict.","Mari Christine Fitzduff (born March 15, 1947 in Dublin) is an Irish policy maker, writer and academic. She began her work in peacebuilding and mediation working with universities during the Northern Ireland conflict before setting up a mediation organisation in 1989.",1988,1989,Explicit,Different,"Mari Fitzduff began professional peacebuilding work in 1986. Living in Northern Ireland during the conflict in 1969-1998, she set up the first courses in conflict resolution and mediation in both Queen's University Belfast and Ulster University. She went on to found Mediation Northern Ireland in 1988, an organisation which trained and supplied mediators for community and political mediations throughout Northern Ireland in the context of the conflict.
Mari Christine Fitzduff (born March 15, 1947 in Dublin) is an Irish policy maker, writer and academic. She began her work in peacebuilding and mediation working with universities during the Northern Ireland conflict before setting up a mediation organisation in 1989.",1988|1989,Mari Fitzduff,https://en.wikipedia.org/wiki/Mari_Fitzduff
91,Is the bore of the pistols that are typically used in the Second World War longer than one inch?,"The Very pistol, typical of the type used in the Second World War, are of one inch bore (26.5mm), now known as ""Calibre 4"" for signal pistols. ","The Very pistol, typical of the type used in the Second World War, are of one inch bore (26.5mm), now known as ""Calibre 4"" for signal pistols. ",No,Yes,Explicit,Same,"The Very pistol, typical of the type used in the Second World War, are of one inch bore (26.5mm), now known as ""Calibre 4"" for signal pistols. ",No|Yes,Flare gun,https://en.wikipedia.org/wiki/Flare_gun
90,How long is the bore of the pistols that are typically used in the Second World War?,"The Very pistol, typical of the type used in the Second World War, are of one inch bore (26.5mm), now known as ""Calibre 4"" for signal pistols. ","The Very pistol, typical of the type used in the Second World War, are of one inch bore (26.5mm), now known as ""Calibre 4"" for signal pistols. ",One inch,26.5 mm,Explicit,Same,"The Very pistol, typical of the type used in the Second World War, are of one inch bore (26.5mm), now known as ""Calibre 4"" for signal pistols. ",One inch|26.5 mm,Flare gun,https://en.wikipedia.org/wiki/Flare_gun
93,"During the Battle of Fort Ében-Émael, how many troops were deployed by the German army using the gliders in the attack?"," During the battle of Fort Ében-Émael, for reasons of security, Sturmabteilung Walter Koch was dispersed around several locations in the Rhineland until it received orders for the operation against Fort Ében-Émael and the three bridges to begin. Preliminary orders were received on 9 May, ordering the separated detachments to move to a pre-arranged concentration area, and shortly afterwards a second order arrived, informing the assault force that Fall Gelb was to begin at 05:25 on 10 May. The Fallschirmjäger filed onto a non-illuminated tarmac at 03:00, as the loudspeakers played Richard Wagner's ""Ride of the Valkyries"". At 04:30, forty-two gliders carrying the 493 airborne troops that formed the assault force were lifted off from two airfields in Cologne, the armada of gliders and transport aircraft turning south towards their objectives.","To prepare for the battle of Fort Ében-Émael, Hauptmann Walter Koch divided his force into four assault groups. Group Granite, under Oberleutnant Rudolf Witzig, composed of eighty-five men in eleven gliders whose task would be to assault and capture Fort Ében-Émael; Group Steel, commanded by Oberleutnant Gustav Altmann, and formed of ninety-two men and nine gliders, would capture the Veldwezelt bridge; Group Concrete, commanded by Leutnant Gerhard Schacht and composed of ninety-six men in eleven gliders, would capture the Vroenhoven bridge; and Group Iron, under Leutnant Martin Schächter, composed of ninety men in ten gliders, who would capture the Kanne bridge.",493,363,Implicit (reasoning required),Different," During the battle of Fort Ében-Émael, for reasons of security, Sturmabteilung Walter Koch was dispersed around several locations in the Rhineland until it received orders for the operation against Fort Ében-Émael and the three bridges to begin. Preliminary orders were received on 9 May, ordering the separated detachments to move to a pre-arranged concentration area, and shortly afterwards a second order arrived, informing the assault force that Fall Gelb was to begin at 05:25 on 10 May. The Fallschirmjäger filed onto a non-illuminated tarmac at 03:00, as the loudspeakers played Richard Wagner's ""Ride of the Valkyries"". At 04:30, forty-two gliders carrying the 493 airborne troops that formed the assault force were lifted off from two airfields in Cologne, the armada of gliders and transport aircraft turning south towards their objectives.
To prepare for the battle of Fort Ében-Émael, Hauptmann Walter Koch divided his force into four assault groups. Group Granite, under Oberleutnant Rudolf Witzig, composed of eighty-five men in eleven gliders whose task would be to assault and capture Fort Ében-Émael; Group Steel, commanded by Oberleutnant Gustav Altmann, and formed of ninety-two men and nine gliders, would capture the Veldwezelt bridge; Group Concrete, commanded by Leutnant Gerhard Schacht and composed of ninety-six men in eleven gliders, would capture the Vroenhoven bridge; and Group Iron, under Leutnant Martin Schächter, composed of ninety men in ten gliders, who would capture the Kanne bridge.",493|363,Battle of Fort Ében-Émael,https://en.wikipedia.org/wiki/Battle_of_Fort_Ében-Émael
92,"During the Battle of Fort Ében-Émael, how many gliders were used by the German army in the attack?"," During the battle of Fort Ében-Émael, for reasons of security, Sturmabteilung Walter Koch was dispersed around several locations in the Rhineland until it received orders for the operation against Fort Ében-Émael and the three bridges to begin. Preliminary orders were received on 9 May, ordering the separated detachments to move to a pre-arranged concentration area, and shortly afterwards a second order arrived, informing the assault force that Fall Gelb was to begin at 05:25 on 10 May. The Fallschirmjäger filed onto a non-illuminated tarmac at 03:00, as the loudspeakers played Richard Wagner's ""Ride of the Valkyries"". At 04:30, forty-two gliders carrying the 493 airborne troops that formed the assault force were lifted off from two airfields in Cologne, the armada of gliders and transport aircraft turning south towards their objectives.","To prepare for the battle of Fort Ében-Émael, Hauptmann Walter Koch divided his force into four assault groups. Group Granite, under Oberleutnant Rudolf Witzig, composed of eighty-five men in eleven gliders whose task would be to assault and capture Fort Ében-Émael; Group Steel, commanded by Oberleutnant Gustav Altmann, and formed of ninety-two men and nine gliders, would capture the Veldwezelt bridge; Group Concrete, commanded by Leutnant Gerhard Schacht and composed of ninety-six men in eleven gliders, would capture the Vroenhoven bridge; and Group Iron, under Leutnant Martin Schächter, composed of ninety men in ten gliders, who would capture the Kanne bridge.",42,41,Implicit (reasoning required),Different," During the battle of Fort Ében-Émael, for reasons of security, Sturmabteilung Walter Koch was dispersed around several locations in the Rhineland until it received orders for the operation against Fort Ében-Émael and the three bridges to begin. Preliminary orders were received on 9 May, ordering the separated detachments to move to a pre-arranged concentration area, and shortly afterwards a second order arrived, informing the assault force that Fall Gelb was to begin at 05:25 on 10 May. The Fallschirmjäger filed onto a non-illuminated tarmac at 03:00, as the loudspeakers played Richard Wagner's ""Ride of the Valkyries"". At 04:30, forty-two gliders carrying the 493 airborne troops that formed the assault force were lifted off from two airfields in Cologne, the armada of gliders and transport aircraft turning south towards their objectives.
To prepare for the battle of Fort Ében-Émael, Hauptmann Walter Koch divided his force into four assault groups. Group Granite, under Oberleutnant Rudolf Witzig, composed of eighty-five men in eleven gliders whose task would be to assault and capture Fort Ében-Émael; Group Steel, commanded by Oberleutnant Gustav Altmann, and formed of ninety-two men and nine gliders, would capture the Veldwezelt bridge; Group Concrete, commanded by Leutnant Gerhard Schacht and composed of ninety-six men in eleven gliders, would capture the Vroenhoven bridge; and Group Iron, under Leutnant Martin Schächter, composed of ninety men in ten gliders, who would capture the Kanne bridge.",42|41,Battle of Fort Ében-Émael,https://en.wikipedia.org/wiki/Battle_of_Fort_Ében-Émael
95,Does Government College University in Lahore have more than five chairs?,"In Government College University in Lahore, the following six chairs have been established at the respective departments: Allama Iqbal Chair in Philosophy, Gottlieb Wilhelm Leitner Chair in History, Syed Ali Hujwiri Chair in Persian, Ashfaq Ahmed Chair in Urdu, Sultan Ahmed Chair in Biological Sciences","In Government College University in Lahore, the following six chairs have been established at the respective departments: Allama Iqbal Chair in Philosophy, Gottlieb Wilhelm Leitner Chair in History, Syed Ali Hujwiri Chair in Persian, Ashfaq Ahmed Chair in Urdu, Sultan Ahmed Chair in Biological Sciences",Yes,No,Implicit (reasoning required),Same,"In Government College University in Lahore, the following six chairs have been established at the respective departments: Allama Iqbal Chair in Philosophy, Gottlieb Wilhelm Leitner Chair in History, Syed Ali Hujwiri Chair in Persian, Ashfaq Ahmed Chair in Urdu, Sultan Ahmed Chair in Biological Sciences",Yes|No,"Government College University, Lahore","https://en.wikipedia.org/wiki/Government_College_University,_Lahore"
94,How many chairs are established in Government College University in Lahore?,"In Government College University in Lahore, the following six chairs have been established at the respective departments: Allama Iqbal Chair in Philosophy, Gottlieb Wilhelm Leitner Chair in History, Syed Ali Hujwiri Chair in Persian, Ashfaq Ahmed Chair in Urdu, Sultan Ahmed Chair in Biological Sciences","In Government College University in Lahore, the following six chairs have been established at the respective departments: Allama Iqbal Chair in Philosophy, Gottlieb Wilhelm Leitner Chair in History, Syed Ali Hujwiri Chair in Persian, Ashfaq Ahmed Chair in Urdu, Sultan Ahmed Chair in Biological Sciences",Six,Five,Implicit (reasoning required),Same,"In Government College University in Lahore, the following six chairs have been established at the respective departments: Allama Iqbal Chair in Philosophy, Gottlieb Wilhelm Leitner Chair in History, Syed Ali Hujwiri Chair in Persian, Ashfaq Ahmed Chair in Urdu, Sultan Ahmed Chair in Biological Sciences",Six|Five,"Government College University, Lahore","https://en.wikipedia.org/wiki/Government_College_University,_Lahore"
97,Is Acid Cryptofiler a cryptographic software program?,"Acid Cryptofiler is a cryptographic software program designed by the department for ""control of information"" (Centre d'Electronique de l'Armement) of the French General Directorate of Armament (Direction générale de l'armement). It is an online storage service. The software is now manufactured by ACID Technologies (France).","Acid Cryptofiler is a cryptographic software program designed by the department for ""control of information"" (Centre d'Electronique de l'Armement) of the French General Directorate of Armament (Direction générale de l'armement). It is an online storage service. The software is now manufactured by ACID Technologies (France).",Yes,No,Implicit (reasoning required),Same,"Acid Cryptofiler is a cryptographic software program designed by the department for ""control of information"" (Centre d'Electronique de l'Armement) of the French General Directorate of Armament (Direction générale de l'armement). It is an online storage service. The software is now manufactured by ACID Technologies (France).",Yes|No,Acid Cryptofiler,https://en.wikipedia.org/wiki/Acid_Cryptofiler
96,What is Acid Cryptofiler?,"Acid Cryptofiler is a cryptographic software program designed by the department for ""control of information"" (Centre d'Electronique de l'Armement) of the French General Directorate of Armament (Direction générale de l'armement). It is an online storage service. The software is now manufactured by ACID Technologies (France).","Acid Cryptofiler is a cryptographic software program designed by the department for ""control of information"" (Centre d'Electronique de l'Armement) of the French General Directorate of Armament (Direction générale de l'armement). It is an online storage service. The software is now manufactured by ACID Technologies (France).","Acid Cryptofiler is a cryptographic software program designed by the department for ""control of information"" (Centre d'Electronique de l'Armement) of the French General Directorate of Armament (Direction générale de l'armement)",Acid Cryptofiler is an online storage service,Implicit (reasoning required),Same,"Acid Cryptofiler is a cryptographic software program designed by the department for ""control of information"" (Centre d'Electronique de l'Armement) of the French General Directorate of Armament (Direction générale de l'armement). It is an online storage service. The software is now manufactured by ACID Technologies (France).","Acid Cryptofiler is a cryptographic software program designed by the department for ""control of information"" (Centre d'Electronique de l'Armement) of the French General Directorate of Armament (Direction générale de l'armement)|Acid Cryptofiler is an online storage service",Acid Cryptofiler,https://en.wikipedia.org/wiki/Acid_Cryptofiler
99,Is Azelaic acid a worse treatment for acne when compared to benzoyl peroxide?,"Azelaic acid is effective for mild to moderate acne when applied topically at a 15–20% concentration. Treatment twice daily for six months is necessary, and is as effective as topical benzoyl peroxide 5%, isotretinoin 0.05%, and erythromycin 2%.","Azelaic acid also led to worse acne treatment response when compared to benzoyl peroxide. When compared to tretinoin, azelaic acid makes little or no treatment response.",No,Yes,Explicit,Different,"Azelaic acid is effective for mild to moderate acne when applied topically at a 15–20% concentration. Treatment twice daily for six months is necessary, and is as effective as topical benzoyl peroxide 5%, isotretinoin 0.05%, and erythromycin 2%.
Azelaic acid also led to worse acne treatment response when compared to benzoyl peroxide. When compared to tretinoin, azelaic acid makes little or no treatment response.",No|Yes,Acne,https://en.wikipedia.org/wiki/Acne
98,Is Azelaic acid as effective as benzoyl peroxide when used to treat acne?,"Azelaic acid is effective for mild to moderate acne when applied topically at a 15–20% concentration. Treatment twice daily for six months is necessary, and is as effective as topical benzoyl peroxide 5%, isotretinoin 0.05%, and erythromycin 2%.","Azelaic acid also led to worse acne treatment response when compared to benzoyl peroxide. When compared to tretinoin, azelaic acid makes little or no treatment response.",Yes,No,Explicit,Different,"Azelaic acid is effective for mild to moderate acne when applied topically at a 15–20% concentration. Treatment twice daily for six months is necessary, and is as effective as topical benzoyl peroxide 5%, isotretinoin 0.05%, and erythromycin 2%.
Azelaic acid also led to worse acne treatment response when compared to benzoyl peroxide. When compared to tretinoin, azelaic acid makes little or no treatment response.",Yes|No,Acne,https://en.wikipedia.org/wiki/Acne
101,Are stagnant pools of water the only breeding sites of Aedes albopictus?,"Flowing water will not be a breeding spot for Aedes albopictus, and water that contains minnows is not usually a problem, because the fish eat the mosquito larvae.","The Aedes albopictus female lays her eggs near water, not directly into it as other mosquitoes do, but typically near a stagnant pool. However, any open container containing water will suffice for larvae development, even with less than one US fl oz (30 ml) of water. It can also breed in running water, so stagnant pools of water are not its only breeding sites. It is more likely to lay eggs in water sources near flowers than in water sources without flowers. It has a short flight range (less than 200 m (220 yd)), so breeding sites are likely to be close to where this mosquito is found.",Yes,No,Explicit,Different,"Flowing water will not be a breeding spot for Aedes albopictus, and water that contains minnows is not usually a problem, because the fish eat the mosquito larvae.
The Aedes albopictus female lays her eggs near water, not directly into it as other mosquitoes do, but typically near a stagnant pool. However, any open container containing water will suffice for larvae development, even with less than one US fl oz (30 ml) of water. It can also breed in running water, so stagnant pools of water are not its only breeding sites. It is more likely to lay eggs in water sources near flowers than in water sources without flowers. It has a short flight range (less than 200 m (220 yd)), so breeding sites are likely to be close to where this mosquito is found.",Yes|No,Aedes albopictus,https://en.wikipedia.org/wiki/Aedes_albopictus
100,Can Aedes albopictus breed in running water?,"Flowing water will not be a breeding spot for Aedes albopictus, and water that contains minnows is not usually a problem, because the fish eat the mosquito larvae.","The Aedes albopictus female lays her eggs near water, not directly into it as other mosquitoes do, but typically near a stagnant pool. However, any open container containing water will suffice for larvae development, even with less than one US fl oz (30 ml) of water. It can also breed in running water, so stagnant pools of water are not its only breeding sites. It is more likely to lay eggs in water sources near flowers than in water sources without flowers. It has a short flight range (less than 200 m (220 yd)), so breeding sites are likely to be close to where this mosquito is found.",No,Yes,Explicit,Different,"Flowing water will not be a breeding spot for Aedes albopictus, and water that contains minnows is not usually a problem, because the fish eat the mosquito larvae.
The Aedes albopictus female lays her eggs near water, not directly into it as other mosquitoes do, but typically near a stagnant pool. However, any open container containing water will suffice for larvae development, even with less than one US fl oz (30 ml) of water. It can also breed in running water, so stagnant pools of water are not its only breeding sites. It is more likely to lay eggs in water sources near flowers than in water sources without flowers. It has a short flight range (less than 200 m (220 yd)), so breeding sites are likely to be close to where this mosquito is found.",No|Yes,Aedes albopictus,https://en.wikipedia.org/wiki/Aedes_albopictus
103,Was Muhammad III of Alamut born in 1213?,"Alauddin Muhammad, also known as Muhammad III of Alamut, was born in 1213.","ʿAlāʾ ad-Dīn Muḥammad III (علاءالدین محمد; 1211–1255), more commonly known as ʿAlāʾ ad-Dīn (علاءالدین), son of Jalāl al-Dīn Ḥasan III, was the 26th Nizāri Isma'ilism Imām. ",Yes,No,Explicit,Different,"Alauddin Muhammad, also known as Muhammad III of Alamut, was born in 1213.
ʿAlāʾ ad-Dīn Muḥammad III (علاءالدین محمد; 1211–1255), more commonly known as ʿAlāʾ ad-Dīn (علاءالدین), son of Jalāl al-Dīn Ḥasan III, was the 26th Nizāri Isma'ilism Imām. ",Yes|No,Muhammad III of Alamut,https://en.wikipedia.org/wiki/Muhammad_III_of_Alamut
102,When Muhammad III of Alamut was born?,"Alauddin Muhammad, also known as Muhammad III of Alamut, was born in 1213.","ʿAlāʾ ad-Dīn Muḥammad III (علاءالدین محمد; 1211–1255), more commonly known as ʿAlāʾ ad-Dīn (علاءالدین), son of Jalāl al-Dīn Ḥasan III, was the 26th Nizāri Isma'ilism Imām. ",1213,1211,Explicit,Different,"Alauddin Muhammad, also known as Muhammad III of Alamut, was born in 1213.
ʿAlāʾ ad-Dīn Muḥammad III (علاءالدین محمد; 1211–1255), more commonly known as ʿAlāʾ ad-Dīn (علاءالدین), son of Jalāl al-Dīn Ḥasan III, was the 26th Nizāri Isma'ilism Imām. ",1213|1211,Muhammad III of Alamut,https://en.wikipedia.org/wiki/Muhammad_III_of_Alamut
105,Is the operating speed of Lucknow–Bandra Terminus Weekly Express 65 km/h?,20921 Bandra Terminus–Lucknow Weekly Express covers the distance of 1687 kilometres in 26 hours 5 mins (65 km/h) and 1687 kilometres in 27 hours 5 mins (62 km/h) as 20922 Lucknow–Bandra Terminus Weekly Express. ,The operating speed of Bandra Terminus–Lucknow Weekly Superfast Express is 65 km/h (40 mph).,No,Yes,Implicit (reasoning required),Different,"20921 Bandra Terminus–Lucknow Weekly Express covers the distance of 1687 kilometres in 26 hours 5 mins (65 km/h) and 1687 kilometres in 27 hours 5 mins (62 km/h) as 20922 Lucknow–Bandra Terminus Weekly Express. 
The operating speed of Bandra Terminus–Lucknow Weekly Superfast Express is 65 km/h (40 mph).",No|Yes,Bandra Terminus–Lucknow Weekly Superfast Express,https://en.wikipedia.org/wiki/Bandra_Terminus–Lucknow_Weekly_Superfast_Express
104,What is the operating speed of Lucknow–Bandra Terminus Weekly Express?,20921 Bandra Terminus–Lucknow Weekly Express covers the distance of 1687 kilometres in 26 hours 5 mins (65 km/h) and 1687 kilometres in 27 hours 5 mins (62 km/h) as 20922 Lucknow–Bandra Terminus Weekly Express. ,The operating speed of Bandra Terminus–Lucknow Weekly Superfast Express is 65 km/h (40 mph).,62 km/h,65 km/h (40 mph),Implicit (reasoning required),Different,"20921 Bandra Terminus–Lucknow Weekly Express covers the distance of 1687 kilometres in 26 hours 5 mins (65 km/h) and 1687 kilometres in 27 hours 5 mins (62 km/h) as 20922 Lucknow–Bandra Terminus Weekly Express. 
The operating speed of Bandra Terminus–Lucknow Weekly Superfast Express is 65 km/h (40 mph).",62 km/h|65 km/h (40 mph),Bandra Terminus–Lucknow Weekly Superfast Express,https://en.wikipedia.org/wiki/Bandra_Terminus–Lucknow_Weekly_Superfast_Express
107,Was Batman Province inhabited from the Paleolithic period?,"Batman Province was inhabited from prehistoric times, likely from the Neolithic (Paleolithic) period, according to archeological evidence. ","Batman Province was inhabited from prehistoric times, likely from the Neolithic (Paleolithic) period, according to archeological evidence.",No,Yes,Explicit,Same,"Batman Province was inhabited from prehistoric times, likely from the Neolithic (Paleolithic) period, according to archeological evidence. ",No|Yes,"Batman, Turkey","https://en.wikipedia.org/wiki/Batman,_Turkey"
106,Was Batman Province inhabited from the Neolithic period?,"Batman Province was inhabited from prehistoric times, likely from the Neolithic (Paleolithic) period, according to archeological evidence. ","Batman Province was inhabited from prehistoric times, likely from the Neolithic (Paleolithic) period, according to archeological evidence.",Yes,No,Explicit,Same,"Batman Province was inhabited from prehistoric times, likely from the Neolithic (Paleolithic) period, according to archeological evidence. ",Yes|No,"Batman, Turkey","https://en.wikipedia.org/wiki/Batman,_Turkey"
109,"Did the Spanish Empire had 59 dead, 50 prisoners and 64 wounded in the Battle of Martín García?","In the first and bloodiest day (10th March 1814) of the Combate of Martín García, Jacinto de Romarate (frigate captain of Spanish royalist forces) successfully repelled the enemy's (forces of the United Provinces of the Río de la Plata) attack. They had 45 dead and 50 wounded. At 5:00 pm on 11th March 1814, Jacinto de Romarate sent a note to the commander of the Montevideo garrison Miguel de la Sierra (Spanish royalist), informing he had few casualties, four dead and seven wounded, he had disembarked on the island and judged that, given the losses suffered, as soon as the patriot fleet was in condition it would retreat to Buenos Aires. On 15th March 1814, the royalists had 10 dead, 7 wounded and 50 prisoners.","The Spanish Empire had 10 dead, 47 prisoners and 17 wounded in the Battle of Martín García.",Yes,No,Implicit (reasoning required),Different,"In the first and bloodiest day (10th March 1814) of the Combate of Martín García, Jacinto de Romarate (frigate captain of Spanish royalist forces) successfully repelled the enemy's (forces of the United Provinces of the Río de la Plata) attack. They had 45 dead and 50 wounded. At 5:00 pm on 11th March 1814, Jacinto de Romarate sent a note to the commander of the Montevideo garrison Miguel de la Sierra (Spanish royalist), informing he had few casualties, four dead and seven wounded, he had disembarked on the island and judged that, given the losses suffered, as soon as the patriot fleet was in condition it would retreat to Buenos Aires. On 15th March 1814, the royalists had 10 dead, 7 wounded and 50 prisoners.
The Spanish Empire had 10 dead, 47 prisoners and 17 wounded in the Battle of Martín García.",Yes|No,Battle of Martín García,https://en.wikipedia.org/wiki/Battle_of_Martín_García
108,"How many dead, prisoners and wounded did the Spanish Empire had in the Battle of Martín García?","In the first and bloodiest day (10th March 1814) of the Combate of Martín García, Jacinto de Romarate (frigate captain of Spanish royalist forces) successfully repelled the enemy's (forces of the United Provinces of the Río de la Plata) attack. They had 45 dead and 50 wounded. At 5:00 pm on 11th March 1814, Jacinto de Romarate sent a note to the commander of the Montevideo garrison Miguel de la Sierra (Spanish royalist), informing he had few casualties, four dead and seven wounded, he had disembarked on the island and judged that, given the losses suffered, as soon as the patriot fleet was in condition it would retreat to Buenos Aires. On 15th March 1814, the royalists had 10 dead, 7 wounded and 50 prisoners.","The Spanish Empire had 10 dead, 47 prisoners and 17 wounded in the Battle of Martín García.","59 dead, 50 prisoners and 64 wounded","10 dead, 47 prisoners and 17 wounded",Implicit (reasoning required),Different,"In the first and bloodiest day (10th March 1814) of the Combate of Martín García, Jacinto de Romarate (frigate captain of Spanish royalist forces) successfully repelled the enemy's (forces of the United Provinces of the Río de la Plata) attack. They had 45 dead and 50 wounded. At 5:00 pm on 11th March 1814, Jacinto de Romarate sent a note to the commander of the Montevideo garrison Miguel de la Sierra (Spanish royalist), informing he had few casualties, four dead and seven wounded, he had disembarked on the island and judged that, given the losses suffered, as soon as the patriot fleet was in condition it would retreat to Buenos Aires. On 15th March 1814, the royalists had 10 dead, 7 wounded and 50 prisoners.
The Spanish Empire had 10 dead, 47 prisoners and 17 wounded in the Battle of Martín García.","59 dead, 50 prisoners and 64 wounded|10 dead, 47 prisoners and 17 wounded",Battle of Martín García,https://en.wikipedia.org/wiki/Battle_of_Martín_García
111,Did María Josefa Zozaya die in 1860?, María Josefa Zozaya would die in 1860 at the age of 38.,"During the Battle of Monterrey in 1846, María Josefa Zozaya brought food and water to the exhausted troops on both sides of the fighting at great personal risk. While tending to a wounded American soldier, she was struck by a bullet, killing her.",Yes,No,Explicit,Different," María Josefa Zozaya would die in 1860 at the age of 38.
During the Battle of Monterrey in 1846, María Josefa Zozaya brought food and water to the exhausted troops on both sides of the fighting at great personal risk. While tending to a wounded American soldier, she was struck by a bullet, killing her.",Yes|No,Battle of Monterrey,https://en.wikipedia.org/wiki/Battle_of_Monterrey
110,What year did María Josefa Zozaya die?, María Josefa Zozaya would die in 1860 at the age of 38.,"During the Battle of Monterrey in 1846, María Josefa Zozaya brought food and water to the exhausted troops on both sides of the fighting at great personal risk. While tending to a wounded American soldier, she was struck by a bullet, killing her.",1860,1846,Explicit,Different," María Josefa Zozaya would die in 1860 at the age of 38.
During the Battle of Monterrey in 1846, María Josefa Zozaya brought food and water to the exhausted troops on both sides of the fighting at great personal risk. While tending to a wounded American soldier, she was struck by a bullet, killing her.",1860|1846,Battle of Monterrey,https://en.wikipedia.org/wiki/Battle_of_Monterrey
113,Did the Battle of Panjwaii have a low number of civilian casualties?,"The Battle of Panjwaii was very light on the side of civilian casualties, with an estimation of a thousand according to SFC Brett Keith. ",NATO confirmed that a large number of civilians were killed in an airstrike in the Battle of Panjwaii and quickly made a public apology for the deaths.,Yes,No,Explicit,Different,"The Battle of Panjwaii was very light on the side of civilian casualties, with an estimation of a thousand according to SFC Brett Keith. 
NATO confirmed that a large number of civilians were killed in an airstrike in the Battle of Panjwaii and quickly made a public apology for the deaths.",Yes|No,Battle of Panjwaii,https://en.wikipedia.org/wiki/Battle_of_Panjwaii
112,Did the Battle of Panjwaii have a large number of civilian casualties?,"The Battle of Panjwaii was very light on the side of civilian casualties, with an estimation of a thousand according to SFC Brett Keith. ",NATO confirmed that a large number of civilians were killed in an airstrike in the Battle of Panjwaii and quickly made a public apology for the deaths.,No,Yes,Explicit,Different,"The Battle of Panjwaii was very light on the side of civilian casualties, with an estimation of a thousand according to SFC Brett Keith. 
NATO confirmed that a large number of civilians were killed in an airstrike in the Battle of Panjwaii and quickly made a public apology for the deaths.",No|Yes,Battle of Panjwaii,https://en.wikipedia.org/wiki/Battle_of_Panjwaii
115,What forms of physical currency did the Novo Kwanza (1990 - 1995) contain?,"The Novo kwanza, AON (1990–1995) was only issued in note form.","Novo kwanza coins: 50 kwanzas (copper; issued in 1991),  50 kwanzas	(copper-plated steel; issued in 1992), 100 kwanzas (copper; issued in 1992)",Only notes,Notes and coins,Explicit,Different,"The Novo kwanza, AON (1990–1995) was only issued in note form.
Novo kwanza coins: 50 kwanzas (copper; issued in 1991),  50 kwanzas	(copper-plated steel; issued in 1992), 100 kwanzas (copper; issued in 1992)",Only notes|Notes and coins,Angolan kwanza,https://en.wikipedia.org/wiki/Angolan_kwanza
114,Did the Novo Kwanza currency (1990 - 1995) contain any coins?,"The Novo kwanza, AON (1990–1995) was only issued in note form.","Novo kwanza coins: 50 kwanzas (copper; issued in 1991),  50 kwanzas	(copper-plated steel; issued in 1992), 100 kwanzas (copper; issued in 1992)",No,Yes,Explicit,Different,"The Novo kwanza, AON (1990–1995) was only issued in note form.
Novo kwanza coins: 50 kwanzas (copper; issued in 1991),  50 kwanzas	(copper-plated steel; issued in 1992), 100 kwanzas (copper; issued in 1992)",No|Yes,Angolan kwanza,https://en.wikipedia.org/wiki/Angolan_kwanza
117,For what type of role (lead or supporting) was Barbara Dickson considered in the Evita Musical?,"Tim Rice and Andrew Lloyd Webber had already enlisted actress Julie Covington to sing the part of Eva in the Evita musical, hence they were on the lookout for other supporting vocal personnel. They found out about Barbara Dickson, who had recently starred in the Willy Russell musical John, Paul, George, Ringo ... and Bert, and had charted on the UK Singles Chart with her cover version of the David Whitfield and Frankie Laine song ""Answer Me"" (1976).","Barbara Dickson and her manager, Bernard Theobald, had a discussion with Tim Rice and Andrew Lloyd Webber about starring in the musical, but her voice was declared ""too delicate"" for singing the numbers on Evita. So they offered her one song which was not sung by Eva's character, and that was ""Another Suitcase in Another Hall"".",Supporting,Lead,Implicit (reasoning required),Different,"Tim Rice and Andrew Lloyd Webber had already enlisted actress Julie Covington to sing the part of Eva in the Evita musical, hence they were on the lookout for other supporting vocal personnel. They found out about Barbara Dickson, who had recently starred in the Willy Russell musical John, Paul, George, Ringo ... and Bert, and had charted on the UK Singles Chart with her cover version of the David Whitfield and Frankie Laine song ""Answer Me"" (1976).
Barbara Dickson and her manager, Bernard Theobald, had a discussion with Tim Rice and Andrew Lloyd Webber about starring in the musical, but her voice was declared ""too delicate"" for singing the numbers on Evita. So they offered her one song which was not sung by Eva's character, and that was ""Another Suitcase in Another Hall"".",Supporting|Lead,Another Suitcase in Another Hall,https://en.wikipedia.org/wiki/Another_Suitcase_in_Another_Hall
116,Was Barbara Dickson considered for the role of Eva in the Evita Musical?,"Tim Rice and Andrew Lloyd Webber had already enlisted actress Julie Covington to sing the part of Eva in the Evita musical, hence they were on the lookout for other supporting vocal personnel. They found out about Barbara Dickson, who had recently starred in the Willy Russell musical John, Paul, George, Ringo ... and Bert, and had charted on the UK Singles Chart with her cover version of the David Whitfield and Frankie Laine song ""Answer Me"" (1976).","Barbara Dickson and her manager, Bernard Theobald, had a discussion with Tim Rice and Andrew Lloyd Webber about starring in the musical, but her voice was declared ""too delicate"" for singing the numbers on Evita. So they offered her one song which was not sung by Eva's character, and that was ""Another Suitcase in Another Hall"".",No,Yes,Implicit (reasoning required),Different,"Tim Rice and Andrew Lloyd Webber had already enlisted actress Julie Covington to sing the part of Eva in the Evita musical, hence they were on the lookout for other supporting vocal personnel. They found out about Barbara Dickson, who had recently starred in the Willy Russell musical John, Paul, George, Ringo ... and Bert, and had charted on the UK Singles Chart with her cover version of the David Whitfield and Frankie Laine song ""Answer Me"" (1976).
Barbara Dickson and her manager, Bernard Theobald, had a discussion with Tim Rice and Andrew Lloyd Webber about starring in the musical, but her voice was declared ""too delicate"" for singing the numbers on Evita. So they offered her one song which was not sung by Eva's character, and that was ""Another Suitcase in Another Hall"".",No|Yes,Another Suitcase in Another Hall,https://en.wikipedia.org/wiki/Another_Suitcase_in_Another_Hall
119,Did persecution of the Catalan language decrease from 1945?,"Rafael Aracil, Joan Oliver and Antoni Segura considered that until 1951, the persecution of the Catalan language was ""total""","With the defeat of Nazi Germany in 1945, the regime changed their image,[contradictory] which allowed the Orfeó Català to put on Catalan productions, and the publication of Catalan books, though only classic works; works aimed at young people were prohibited to limit the learning of the written language.",No,Yes,Implicit (reasoning required),Different,"Rafael Aracil, Joan Oliver and Antoni Segura considered that until 1951, the persecution of the Catalan language was ""total""
With the defeat of Nazi Germany in 1945, the regime changed their image,[contradictory] which allowed the Orfeó Català to put on Catalan productions, and the publication of Catalan books, though only classic works; works aimed at young people were prohibited to limit the learning of the written language.",No|Yes,Anti-Catalanism,https://en.wikipedia.org/wiki/Anti-Catalanism
118,"Was persecution of the Catalan language considered ""total"" until 1951?","Rafael Aracil, Joan Oliver and Antoni Segura considered that until 1951, the persecution of the Catalan language was ""total""","With the defeat of Nazi Germany in 1945, the regime changed their image,[contradictory] which allowed the Orfeó Català to put on Catalan productions, and the publication of Catalan books, though only classic works; works aimed at young people were prohibited to limit the learning of the written language.",Yes,No,Implicit (reasoning required),Different,"Rafael Aracil, Joan Oliver and Antoni Segura considered that until 1951, the persecution of the Catalan language was ""total""
With the defeat of Nazi Germany in 1945, the regime changed their image,[contradictory] which allowed the Orfeó Català to put on Catalan productions, and the publication of Catalan books, though only classic works; works aimed at young people were prohibited to limit the learning of the written language.",Yes|No,Anti-Catalanism,https://en.wikipedia.org/wiki/Anti-Catalanism
121,"Considering that Ibn Arabi left Andalusia and arrived at Tunis in 1193, how old was he at the time?",Ibn Arabi left Andalusia for the first time at age 36 and arrived at Tunis in 1193.,"Ibn ʿArabī (Arabic: ابن عربي, ALA-LC: Ibn ʻArabī‎; full name: أبو عبد الله محـمـد بن عربي الطائي الحاتمي, Abū ʻAbd Allāh Muḥammad ibn ʻArabī al-Ṭāʼī al-Ḥātimī; 1165–1240) was an Andalusi Arab scholar, mystic, poet, and philosopher, extremely influential within Islamic thought.",36,Less than 36,Implicit (reasoning required),Different,"Ibn Arabi left Andalusia for the first time at age 36 and arrived at Tunis in 1193.
Ibn ʿArabī (Arabic: ابن عربي, ALA-LC: Ibn ʻArabī‎; full name: أبو عبد الله محـمـد بن عربي الطائي الحاتمي, Abū ʻAbd Allāh Muḥammad ibn ʻArabī al-Ṭāʼī al-Ḥātimī; 1165–1240) was an Andalusi Arab scholar, mystic, poet, and philosopher, extremely influential within Islamic thought.",36|Less than 36,Ibn Arabi,https://en.wikipedia.org/wiki/Ibn_Arabi
120,"Considering that Ibn Arabi left Andalusia and arrived at Tunis in 1193, was he less than 36 at the time?",Ibn Arabi left Andalusia for the first time at age 36 and arrived at Tunis in 1193.,"Ibn ʿArabī (Arabic: ابن عربي, ALA-LC: Ibn ʻArabī‎; full name: أبو عبد الله محـمـد بن عربي الطائي الحاتمي, Abū ʻAbd Allāh Muḥammad ibn ʻArabī al-Ṭāʼī al-Ḥātimī; 1165–1240) was an Andalusi Arab scholar, mystic, poet, and philosopher, extremely influential within Islamic thought.",No,Yes,Implicit (reasoning required),Different,"Ibn Arabi left Andalusia for the first time at age 36 and arrived at Tunis in 1193.
Ibn ʿArabī (Arabic: ابن عربي, ALA-LC: Ibn ʻArabī‎; full name: أبو عبد الله محـمـد بن عربي الطائي الحاتمي, Abū ʻAbd Allāh Muḥammad ibn ʻArabī al-Ṭāʼī al-Ḥātimī; 1165–1240) was an Andalusi Arab scholar, mystic, poet, and philosopher, extremely influential within Islamic thought.",No|Yes,Ibn Arabi,https://en.wikipedia.org/wiki/Ibn_Arabi
123,Is there any evidence of Ancient Roman temples existing before the first Millennium B.C.? ,"Baalbeck is counted as one of the Roman treasures in Lebanon, and is home to many ancient Roman temples built at the end of the third millennium B.C.","The Sant'Omobono temple site dates to 7th–6th century BC, making these the oldest known temple remains in Rome.[",Yes,No,Implicit (reasoning required),Different,"Baalbeck is counted as one of the Roman treasures in Lebanon, and is home to many ancient Roman temples built at the end of the third millennium B.C.
The Sant'Omobono temple site dates to 7th–6th century BC, making these the oldest known temple remains in Rome.[",Yes|No,Architecture of Lebanon,https://en.wikipedia.org/wiki/Architecture_of_Lebanon
122,Do there exist Ancient Roman temples dating back to the third Millennium B.C.? ,"Baalbeck is counted as one of the Roman treasures in Lebanon, and is home to many ancient Roman temples built at the end of the third millennium B.C.","The Sant'Omobono temple site dates to 7th–6th century BC, making these the oldest known temple remains in Rome.[",Yes,No,Implicit (reasoning required),Different,"Baalbeck is counted as one of the Roman treasures in Lebanon, and is home to many ancient Roman temples built at the end of the third millennium B.C.
The Sant'Omobono temple site dates to 7th–6th century BC, making these the oldest known temple remains in Rome.[",Yes|No,Architecture of Lebanon,https://en.wikipedia.org/wiki/Architecture_of_Lebanon
125,Did did the multi-phase temple precinct in the Biesheim-Kunheim corridor cover more than 1.4 hectares (3.5 acres)?,"The 1.4 hectares (3.5 acres) multi-phase temple precinct in the Biesheim-Kunheim corridor, excavated from 2003 to 2005, consisted of four Gallo-Roman temples with surrounding ambulatories (Buildings A, B, E, C), and ten other cult buildings, all of which were built in the 1st century AD. ","The multi-phase temple precinct  in the Biesheim-Kunheim covered an area of around 1.6 hectares (4.0 acres), making it one of the largest of its kind in this region.",No,Yes,Explicit,Different,"The 1.4 hectares (3.5 acres) multi-phase temple precinct in the Biesheim-Kunheim corridor, excavated from 2003 to 2005, consisted of four Gallo-Roman temples with surrounding ambulatories (Buildings A, B, E, C), and ten other cult buildings, all of which were built in the 1st century AD. 
The multi-phase temple precinct  in the Biesheim-Kunheim covered an area of around 1.6 hectares (4.0 acres), making it one of the largest of its kind in this region.",No|Yes,Argentovaria,https://en.wikipedia.org/wiki/Argentovaria
124,What area (in hectares/acres) did the multi-phase temple precinct in the Biesheim-Kunheim corridor cover?,"The 1.4 hectares (3.5 acres) multi-phase temple precinct in the Biesheim-Kunheim corridor, excavated from 2003 to 2005, consisted of four Gallo-Roman temples with surrounding ambulatories (Buildings A, B, E, C), and ten other cult buildings, all of which were built in the 1st century AD. ","The multi-phase temple precinct  in the Biesheim-Kunheim covered an area of around 1.6 hectares (4.0 acres), making it one of the largest of its kind in this region.",1.4 hectares (3.5 acres),1.6 hectares (4.0 acres).,Explicit,Different,"The 1.4 hectares (3.5 acres) multi-phase temple precinct in the Biesheim-Kunheim corridor, excavated from 2003 to 2005, consisted of four Gallo-Roman temples with surrounding ambulatories (Buildings A, B, E, C), and ten other cult buildings, all of which were built in the 1st century AD. 
The multi-phase temple precinct  in the Biesheim-Kunheim covered an area of around 1.6 hectares (4.0 acres), making it one of the largest of its kind in this region.",1.4 hectares (3.5 acres)|1.6 hectares (4.0 acres).,Argentovaria,https://en.wikipedia.org/wiki/Argentovaria
126,Where was Syed Muhammad Nurbaksh's abode that Shaikh Asiri Lahiji took up after his death?,"After the death of Syed Muhammad Nurbaksh, Shaikh Asiri Lahiji took up his abode in Shiraz.","From the former abode of Syed Muhammad Nurbaksh, Shaikh Asiri Lahiji began guiding Nurbakshi followers in the province of Herat.",Shiraz,Herat,Implicit (reasoning required),Same,"After the death of Syed Muhammad Nurbaksh, Shaikh Asiri Lahiji took up his abode in Shiraz.",Shiraz|Herat,Shaikh Asiri Lahiji,https://en.wikipedia.org/wiki/Shaikh_Asiri_Lahiji
128,"Was Gregory Corso to give its nickname to ""The Beat Hotel""?","The Beat Hotel was a ""class 13"" hotel, meaning bottom line, a place that was required by law to meet only minimum health and safety standards. It never had any proper name – ""the Beat Hotel"" was a nickname given it by Gregory Corso, which stuck.","Harold Chapman was born in Deal, Kent on 26 March 1927. He produced a large body of work over many years, with his most significant period from the mid-1950s to the early 1960s, when he lived in a backstreet Left Bank guesthouse in Paris later nicknamed (by Verta Kali Smart) ‘the Beat Hotel’.",Yes,No,Explicit,Different,"The Beat Hotel was a ""class 13"" hotel, meaning bottom line, a place that was required by law to meet only minimum health and safety standards. It never had any proper name – ""the Beat Hotel"" was a nickname given it by Gregory Corso, which stuck.
Harold Chapman was born in Deal, Kent on 26 March 1927. He produced a large body of work over many years, with his most significant period from the mid-1950s to the early 1960s, when he lived in a backstreet Left Bank guesthouse in Paris later nicknamed (by Verta Kali Smart) ‘the Beat Hotel’.",Yes|No,Beat Hotel,https://en.wikipedia.org/wiki/Beat_Hotel
127,"Who gave its nickname to ""The Beat Hotel""?","The Beat Hotel was a ""class 13"" hotel, meaning bottom line, a place that was required by law to meet only minimum health and safety standards. It never had any proper name – ""the Beat Hotel"" was a nickname given it by Gregory Corso, which stuck.","Harold Chapman was born in Deal, Kent on 26 March 1927. He produced a large body of work over many years, with his most significant period from the mid-1950s to the early 1960s, when he lived in a backstreet Left Bank guesthouse in Paris later nicknamed (by Verta Kali Smart) ‘the Beat Hotel’.",Gregory Corso,Verta Kali Smart,Explicit,Different,"The Beat Hotel was a ""class 13"" hotel, meaning bottom line, a place that was required by law to meet only minimum health and safety standards. It never had any proper name – ""the Beat Hotel"" was a nickname given it by Gregory Corso, which stuck.
Harold Chapman was born in Deal, Kent on 26 March 1927. He produced a large body of work over many years, with his most significant period from the mid-1950s to the early 1960s, when he lived in a backstreet Left Bank guesthouse in Paris later nicknamed (by Verta Kali Smart) ‘the Beat Hotel’.",Gregory Corso|Verta Kali Smart,Beat Hotel,https://en.wikipedia.org/wiki/Beat_Hotel
130,Was Jay Telfer an husband of Bonnie Bedelia?,"Bonnie Bedelia married scriptwriter Ken Luber on April 24, 1969. The couple had two sons, Uri (b. 1970) and Jonah (b. 1976), before divorcing in 1980. She wed actor Michael MacRae in 1995.","Bonnie Bedelia spouses were Ken Luber ​ ​(married 1969; divorced 1980)​, Jay Telfer ​ ​(married 1975; divorced 1975)​ and Michael MacRae ​(married 1995)",No,Yes,Implicit (reasoning required),Different,"Bonnie Bedelia married scriptwriter Ken Luber on April 24, 1969. The couple had two sons, Uri (b. 1970) and Jonah (b. 1976), before divorcing in 1980. She wed actor Michael MacRae in 1995.
Bonnie Bedelia spouses were Ken Luber ​ ​(married 1969; divorced 1980)​, Jay Telfer ​ ​(married 1975; divorced 1975)​ and Michael MacRae ​(married 1995)",No|Yes,Bonnie Bedelia,https://en.wikipedia.org/wiki/Bonnie_Bedelia
129,How many marriages had Bonnie Bedelia?,"Bonnie Bedelia married scriptwriter Ken Luber on April 24, 1969. The couple had two sons, Uri (b. 1970) and Jonah (b. 1976), before divorcing in 1980. She wed actor Michael MacRae in 1995.","Bonnie Bedelia spouses were Ken Luber ​ ​(married 1969; divorced 1980)​, Jay Telfer ​ ​(married 1975; divorced 1975)​ and Michael MacRae ​(married 1995)",2,3,Implicit (reasoning required),Different,"Bonnie Bedelia married scriptwriter Ken Luber on April 24, 1969. The couple had two sons, Uri (b. 1970) and Jonah (b. 1976), before divorcing in 1980. She wed actor Michael MacRae in 1995.
Bonnie Bedelia spouses were Ken Luber ​ ​(married 1969; divorced 1980)​, Jay Telfer ​ ​(married 1975; divorced 1975)​ and Michael MacRae ​(married 1995)",2|3,Bonnie Bedelia,https://en.wikipedia.org/wiki/Bonnie_Bedelia
131,Was the Bemin (部民) caste during the Yamato period of ancient Japan only governed by the nobility?,"The Bemin (部民) was a caste during the Yamato period of ancient Japan. Most of them were farmers, but some had special skills and were known as Shinabe. They paid tribute and performed labor for the powerful families, but unlike servants, they lived a family life.The ""bemin system"" was a social system in Japan prior to the Taika Reforms. It divided the population into Clan People (部民, Bemin) and ""Common People (heimin, 平民)"", with the bemin being governed by the nobility and the heimin being governed directly by the central government. The bemin were divided into three categories: those governed by the nobility, those governed by the central government through professional organizations such as the ""sea bureau"" and ""textile bureau"", and those who were descendants of local leaders and responsible for the royal household's food and security.","The Bemin (部民) was a caste during the Yamato period of ancient Japan. Most of them were farmers, but some had special skills and were known as Shinabe. They paid tribute and performed labor for the powerful families, but unlike servants, they lived a family life.The ""bemin system"" was a social system in Japan prior to the Taika Reforms. It divided the population into Clan People (部民, Bemin) and ""Common People (heimin, 平民)"", with the bemin being governed by the nobility and the heimin being governed directly by the central government. The bemin were divided into three categories: those governed by the nobility, those governed by the central government through professional organizations such as the ""sea bureau"" and ""textile bureau"", and those who were descendants of local leaders and responsible for the royal household's food and security.",Yes,No,Implicit (reasoning required),Same,"The Bemin (部民) was a caste during the Yamato period of ancient Japan. Most of them were farmers, but some had special skills and were known as Shinabe. They paid tribute and performed labor for the powerful families, but unlike servants, they lived a family life.The ""bemin system"" was a social system in Japan prior to the Taika Reforms. It divided the population into Clan People (部民, Bemin) and ""Common People (heimin, 平民)"", with the bemin being governed by the nobility and the heimin being governed directly by the central government. The bemin were divided into three categories: those governed by the nobility, those governed by the central government through professional organizations such as the ""sea bureau"" and ""textile bureau"", and those who were descendants of local leaders and responsible for the royal household's food and security.",Yes|No,Bemin,https://en.wikipedia.org/wiki/Bemin
133,"Did the A Best, the first greatest hits album by Japanese singer-songwriter Ayumi Hamasaki, sell more than three million units?","By 2007, A Best, the first greatest hits album by Japanese singer-songwriter Ayumi Hamasaki, sold over 4.3 million units in Japan, making it the sixth best selling album in that region. This makes Hamasaki the second female artist to claim the spot; the other two entries were both by Utada. By 2010, Avex confirmed that it had sold 4.5 million units. With additional sales from digital purchases, A Best has sold over five million units in Japan, making this Hamasaki's best selling effort as of today. Both Hamasaki and Utada's albums were the fastest selling albums of all time globally, having each sold nearly three million units.","By 2007, A Best, the first greatest hits album by Japanese singer-songwriter Ayumi Hamasaki, sold over 4.3 million units in Japan, making it the sixth best selling album in that region. This makes Hamasaki the second female artist to claim the spot; the other two entries were both by Utada. By 2010, Avex confirmed that it had sold 4.5 million units. With additional sales from digital purchases, A Best has sold over five million units in Japan, making this Hamasaki's best selling effort as of today. Both Hamasaki and Utada's albums were the fastest selling albums of all time globally, having each sold nearly three million units.",Yes,No,Explicit,Same,"By 2007, A Best, the first greatest hits album by Japanese singer-songwriter Ayumi Hamasaki, sold over 4.3 million units in Japan, making it the sixth best selling album in that region. This makes Hamasaki the second female artist to claim the spot; the other two entries were both by Utada. By 2010, Avex confirmed that it had sold 4.5 million units. With additional sales from digital purchases, A Best has sold over five million units in Japan, making this Hamasaki's best selling effort as of today. Both Hamasaki and Utada's albums were the fastest selling albums of all time globally, having each sold nearly three million units.",Yes|No,A Best,https://en.wikipedia.org/wiki/A_Best
132,"How many copies did the A Best, the first greatest hits album by Japanese singer-songwriter Ayumi Hamasaki, sold?","By 2007, A Best, the first greatest hits album by Japanese singer-songwriter Ayumi Hamasaki, sold over 4.3 million units in Japan, making it the sixth best selling album in that region. This makes Hamasaki the second female artist to claim the spot; the other two entries were both by Utada. By 2010, Avex confirmed that it had sold 4.5 million units. With additional sales from digital purchases, A Best has sold over five million units in Japan, making this Hamasaki's best selling effort as of today. Both Hamasaki and Utada's albums were the fastest selling albums of all time globally, having each sold nearly three million units.","By 2007, A Best, the first greatest hits album by Japanese singer-songwriter Ayumi Hamasaki, sold over 4.3 million units in Japan, making it the sixth best selling album in that region. This makes Hamasaki the second female artist to claim the spot; the other two entries were both by Utada. By 2010, Avex confirmed that it had sold 4.5 million units. With additional sales from digital purchases, A Best has sold over five million units in Japan, making this Hamasaki's best selling effort as of today. Both Hamasaki and Utada's albums were the fastest selling albums of all time globally, having each sold nearly three million units.",five million units,three million units,Explicit,Same,"By 2007, A Best, the first greatest hits album by Japanese singer-songwriter Ayumi Hamasaki, sold over 4.3 million units in Japan, making it the sixth best selling album in that region. This makes Hamasaki the second female artist to claim the spot; the other two entries were both by Utada. By 2010, Avex confirmed that it had sold 4.5 million units. With additional sales from digital purchases, A Best has sold over five million units in Japan, making this Hamasaki's best selling effort as of today. Both Hamasaki and Utada's albums were the fastest selling albums of all time globally, having each sold nearly three million units.",five million units|three million units,A Best,https://en.wikipedia.org/wiki/A_Best
135,In the history of Bihar did the Pradyota dynasty rule for more than 115 years?,"As part of the history of Bihar, Yudhishthira, the Pandava King, could complete his campaign of bringing the whole of India into his empire. Jarasandha had friendly relations with Chedi king Shishupala, Kuru king Duryodhana and Anga king Karna. His descendants, according to the Vayu Purana, ruled Magadha for 1000 years followed by the Pradyota dynasty, which ruled for 138 years from 799 to 684 BC.","As part of the history of Bihar, Yudhishthira, the Pandava King, could complete his campaign of bringing the whole of India into his empire. Jarasandha had friendly relations with Chedi king Shishupala, Kuru king Duryodhana and Anga king Karna. His descendants, according to the Vayu Purana, ruled Magadha for 1000 years followed by the Pradyota dynasty, which ruled for 138 years from 799 to 684 BC.",Yes,No,Implicit (reasoning required),Same,"As part of the history of Bihar, Yudhishthira, the Pandava King, could complete his campaign of bringing the whole of India into his empire. Jarasandha had friendly relations with Chedi king Shishupala, Kuru king Duryodhana and Anga king Karna. His descendants, according to the Vayu Purana, ruled Magadha for 1000 years followed by the Pradyota dynasty, which ruled for 138 years from 799 to 684 BC.",Yes|No,History of Bihar,https://en.wikipedia.org/wiki/History_of_Bihar
134,How many years in the history of Bihar the Pradyota dynasty ruled?,"As part of the history of Bihar, Yudhishthira, the Pandava King, could complete his campaign of bringing the whole of India into his empire. Jarasandha had friendly relations with Chedi king Shishupala, Kuru king Duryodhana and Anga king Karna. His descendants, according to the Vayu Purana, ruled Magadha for 1000 years followed by the Pradyota dynasty, which ruled for 138 years from 799 to 684 BC.","As part of the history of Bihar, Yudhishthira, the Pandava King, could complete his campaign of bringing the whole of India into his empire. Jarasandha had friendly relations with Chedi king Shishupala, Kuru king Duryodhana and Anga king Karna. His descendants, according to the Vayu Purana, ruled Magadha for 1000 years followed by the Pradyota dynasty, which ruled for 138 years from 799 to 684 BC.",138,115,Implicit (reasoning required),Same,"As part of the history of Bihar, Yudhishthira, the Pandava King, could complete his campaign of bringing the whole of India into his empire. Jarasandha had friendly relations with Chedi king Shishupala, Kuru king Duryodhana and Anga king Karna. His descendants, according to the Vayu Purana, ruled Magadha for 1000 years followed by the Pradyota dynasty, which ruled for 138 years from 799 to 684 BC.",138|115,History of Bihar,https://en.wikipedia.org/wiki/History_of_Bihar
137,Was the percentage of black cowboys in the ranching industry from the 1860s to 1880s substantial?,"Black cowboys in the American West accounted for up to an estimated 25% of cowboys ""who went up the trail"" from the 1860s to 1880s and substantial but unknown percentage in the rest of the ranching industry, estimated to be at least 5,000 workers according to recent research.","Black cowboys in the American West accounted for up to an estimated 25% of cowboys ""who went up the trail"" from the 1860s to 1880s and substantial but unknown percentage in the rest of the ranching industry, estimated to be at least 5,000 workers according to recent research.",Yes,No,Explicit,Same,"Black cowboys in the American West accounted for up to an estimated 25% of cowboys ""who went up the trail"" from the 1860s to 1880s and substantial but unknown percentage in the rest of the ranching industry, estimated to be at least 5,000 workers according to recent research.",Yes|No,Black cowboys,https://en.wikipedia.org/wiki/Black_cowboys
138,How much was the percentage of black cowboys in the ranching industry from the 1860s to 1880s?,"Black cowboys in the American West accounted for up to an estimated 25% of cowboys ""who went up the trail"" from the 1860s to 1880s and substantial but unknown percentage in the rest of the ranching industry, estimated to be at least 5,000 workers according to recent research.","Black cowboys in the American West accounted for up to an estimated 25% of cowboys ""who went up the trail"" from the 1860s to 1880s and substantial but unknown percentage in the rest of the ranching industry, estimated to be at least 5,000 workers according to recent research.",It was a substantial percentage.,The percentage was unknown.,Explicit,Same,"Black cowboys in the American West accounted for up to an estimated 25% of cowboys ""who went up the trail"" from the 1860s to 1880s and substantial but unknown percentage in the rest of the ranching industry, estimated to be at least 5,000 workers according to recent research.",It was a substantial percentage.|The percentage was unknown.,Black cowboys,https://en.wikipedia.org/wiki/Black_cowboys
136,Was the percentage of black cowboys in the ranching industry from the 1860s to 1880s unknown?,"Black cowboys in the American West accounted for up to an estimated 25% of cowboys ""who went up the trail"" from the 1860s to 1880s and substantial but unknown percentage in the rest of the ranching industry, estimated to be at least 5,000 workers according to recent research.","Black cowboys in the American West accounted for up to an estimated 25% of cowboys ""who went up the trail"" from the 1860s to 1880s and substantial but unknown percentage in the rest of the ranching industry, estimated to be at least 5,000 workers according to recent research.",No,Yes,Explicit,Same,"Black cowboys in the American West accounted for up to an estimated 25% of cowboys ""who went up the trail"" from the 1860s to 1880s and substantial but unknown percentage in the rest of the ranching industry, estimated to be at least 5,000 workers according to recent research.",No|Yes,Black cowboys,https://en.wikipedia.org/wiki/Black_cowboys
140,Which club did Ger Browne join?,Ger Browne joined the Knockavilla–Donaskeigh Kickhams club at a young age and played in all grades at juvenile and underage levels before eventually joining the club's top adult team.,Ger Browne (born 10 May 1998) is an Irish hurler who played for Tipperary Senior Hurling Championship with Cashel King Cormacs and at inter-county level with the Tipperary senior hurling team. He usually lines out as a midfielder.,Knockavilla–Donaskeigh Kickhams,Cashel King Cormacs ,Explicit,Different,"Ger Browne joined the Knockavilla–Donaskeigh Kickhams club at a young age and played in all grades at juvenile and underage levels before eventually joining the club's top adult team.
Ger Browne (born 10 May 1998) is an Irish hurler who played for Tipperary Senior Hurling Championship with Cashel King Cormacs and at inter-county level with the Tipperary senior hurling team. He usually lines out as a midfielder.",Knockavilla–Donaskeigh Kickhams|Cashel King Cormacs ,Ger Browne,https://en.wikipedia.org/wiki/Ger_Browne
141,Did Ger Brown join the Knockavilla–Donaskeigh Kickhams club?,Ger Browne joined the Knockavilla–Donaskeigh Kickhams club at a young age and played in all grades at juvenile and underage levels before eventually joining the club's top adult team.,Ger Browne (born 10 May 1998) is an Irish hurler who played for Tipperary Senior Hurling Championship with Cashel King Cormacs and at inter-county level with the Tipperary senior hurling team. He usually lines out as a midfielder.,Yes,No,Explicit,Different,"Ger Browne joined the Knockavilla–Donaskeigh Kickhams club at a young age and played in all grades at juvenile and underage levels before eventually joining the club's top adult team.
Ger Browne (born 10 May 1998) is an Irish hurler who played for Tipperary Senior Hurling Championship with Cashel King Cormacs and at inter-county level with the Tipperary senior hurling team. He usually lines out as a midfielder.",Yes|No,Ger Browne,https://en.wikipedia.org/wiki/Ger_Browne
142,Did Ger Brown join the Cashel King Cormacs club?,Ger Browne joined the Knockavilla–Donaskeigh Kickhams club at a young age and played in all grades at juvenile and underage levels before eventually joining the club's top adult team.,Ger Browne (born 10 May 1998) is an Irish hurler who played for Tipperary Senior Hurling Championship with Cashel King Cormacs and at inter-county level with the Tipperary senior hurling team. He usually lines out as a midfielder.,No ,Yes,Explicit,Different,"Ger Browne joined the Knockavilla–Donaskeigh Kickhams club at a young age and played in all grades at juvenile and underage levels before eventually joining the club's top adult team.
Ger Browne (born 10 May 1998) is an Irish hurler who played for Tipperary Senior Hurling Championship with Cashel King Cormacs and at inter-county level with the Tipperary senior hurling team. He usually lines out as a midfielder.",No |Yes,Ger Browne,https://en.wikipedia.org/wiki/Ger_Browne
139,Did Ger Browne joined the Knockavilla–Donaskeigh Kickhams club or the Cashel King Cormacs club?,Ger Browne joined the Knockavilla–Donaskeigh Kickhams club at a young age and played in all grades at juvenile and underage levels before eventually joining the club's top adult team.,Ger Browne (born 10 May 1998) is an Irish hurler who played for Tipperary Senior Hurling Championship with Cashel King Cormacs and at inter-county level with the Tipperary senior hurling team. He usually lines out as a midfielder.,Knockavilla–Donaskeigh Kickhams,Cashel King Cormacs ,Explicit,Different,"Ger Browne joined the Knockavilla–Donaskeigh Kickhams club at a young age and played in all grades at juvenile and underage levels before eventually joining the club's top adult team.
Ger Browne (born 10 May 1998) is an Irish hurler who played for Tipperary Senior Hurling Championship with Cashel King Cormacs and at inter-county level with the Tipperary senior hurling team. He usually lines out as a midfielder.",Knockavilla–Donaskeigh Kickhams|Cashel King Cormacs ,Ger Browne,https://en.wikipedia.org/wiki/Ger_Browne
144,Was Building 98 at Fort D. A. Russell built before 1911?,Building 98 at Fort D. A. Russell was built in 1920.,"Building 98 at Fort D. A. Russell is the historic US army base bachelor officer quarters, officers club, and grand ballroom near Marfa, Texas; it was active from 1911 to 1946. Building 98 is Located at Fort David A. Russell's central fort complex. It is a project of the International Woman's Foundation and it is the home of the World War II German prisoners of war POW murals.",No,Yes,Implicit (reasoning required),Different,"Building 98 at Fort D. A. Russell was built in 1920.
Building 98 at Fort D. A. Russell is the historic US army base bachelor officer quarters, officers club, and grand ballroom near Marfa, Texas; it was active from 1911 to 1946. Building 98 is Located at Fort David A. Russell's central fort complex. It is a project of the International Woman's Foundation and it is the home of the World War II German prisoners of war POW murals.",No|Yes,Building 98,https://en.wikipedia.org/wiki/Building_98
145,"Was Building 98 at Fort D. A. Russell active as the historic US army base bachelor officer quarters, officers club, and grand ballroom near Marfa, Texas, before 1920?",Building 98 at Fort D. A. Russell was built in 1920.,"Building 98 at Fort D. A. Russell is the historic US army base bachelor officer quarters, officers club, and grand ballroom near Marfa, Texas; it was active from 1911 to 1946. Building 98 is Located at Fort David A. Russell's central fort complex. It is a project of the International Woman's Foundation and it is the home of the World War II German prisoners of war POW murals.",No,Yes,Implicit (reasoning required),Different,"Building 98 at Fort D. A. Russell was built in 1920.
Building 98 at Fort D. A. Russell is the historic US army base bachelor officer quarters, officers club, and grand ballroom near Marfa, Texas; it was active from 1911 to 1946. Building 98 is Located at Fort David A. Russell's central fort complex. It is a project of the International Woman's Foundation and it is the home of the World War II German prisoners of war POW murals.",No|Yes,Building 98,https://en.wikipedia.org/wiki/Building_98
143,When was Building 98 at Fort D. A. Russell built?,Building 98 at Fort D. A. Russell was built in 1920.,"Building 98 at Fort D. A. Russell is the historic US army base bachelor officer quarters, officers club, and grand ballroom near Marfa, Texas; it was active from 1911 to 1946. Building 98 is Located at Fort David A. Russell's central fort complex. It is a project of the International Woman's Foundation and it is the home of the World War II German prisoners of war POW murals.",1920,Before 1911,Implicit (reasoning required),Different,"Building 98 at Fort D. A. Russell was built in 1920.
Building 98 at Fort D. A. Russell is the historic US army base bachelor officer quarters, officers club, and grand ballroom near Marfa, Texas; it was active from 1911 to 1946. Building 98 is Located at Fort David A. Russell's central fort complex. It is a project of the International Woman's Foundation and it is the home of the World War II German prisoners of war POW murals.",1920|Before 1911,Building 98,https://en.wikipedia.org/wiki/Building_98
147,"Was Margery de Burgh's husband, Theobald Butler, 3rd Chief Butler of Ireland, buried in Arklow?","Margery de Burgh's husband, Theobald Butler, 3rd Chief Butler of Ireland, died 26 December 1248. He was buried before 3 August 1248 at Arklow, County Limerick. On 27 April 1250, she made a fine to remarry.","Margery de Burgh's husband, Theobald Butler, 3rd Chief Butler of Ireland, died 26 December 1248. He was buried before 3 August 1248 at Arklow, County Limerick. On 27 April 1250, she made a fine to remarry.",Yes,No,Implicit (reasoning required),Same,"Margery de Burgh's husband, Theobald Butler, 3rd Chief Butler of Ireland, died 26 December 1248. He was buried before 3 August 1248 at Arklow, County Limerick. On 27 April 1250, she made a fine to remarry.",Yes|No,Margery de Burgh,https://en.wikipedia.org/wiki/Margery_de_Burgh
146,"Was Margery de Burgh's husband, Theobald Butler, 3rd Chief Butler of Ireland, buried in County Limerick?","Margery de Burgh's husband, Theobald Butler, 3rd Chief Butler of Ireland, died 26 December 1248. He was buried before 3 August 1248 at Arklow, County Limerick. On 27 April 1250, she made a fine to remarry.","Margery de Burgh's husband, Theobald Butler, 3rd Chief Butler of Ireland, died 26 December 1248. He was buried before 3 August 1248 at Arklow, County Limerick. On 27 April 1250, she made a fine to remarry.",No,Yes,Implicit (reasoning required),Same,"Margery de Burgh's husband, Theobald Butler, 3rd Chief Butler of Ireland, died 26 December 1248. He was buried before 3 August 1248 at Arklow, County Limerick. On 27 April 1250, she made a fine to remarry.",No|Yes,Margery de Burgh,https://en.wikipedia.org/wiki/Margery_de_Burgh
148,How common is BMS (Burning mouth syndrome)?,"BMS (Burning mouth syndrome) is fairly uncommon worldwide, affecting up to five individuals per 100,000 general population. People with BMS are more likely to be middle aged or elderly, and females are three to seven times more likely to have BMS than males. Some report a female to male ratio of as much as 33 to 1. BMS is reported in about 10-40% of women seeking medical treatment for menopausal symptoms, and BMS occurs in about 14% of postmenopausal women. Males and younger individuals of both sexes are sometimes affected.","BMS (Burning mouth syndrome) is fairly uncommon worldwide, affecting up to five individuals per 100,000 general population. People with BMS are more likely to be middle aged or elderly, and females are three to seven times more likely to have BMS than males. Some report a female to male ratio of as much as 33 to 1. BMS is reported in about 10-40% of women seeking medical treatment for menopausal symptoms, and BMS occurs in about 14% of postmenopausal women. Males and younger individuals of both sexes are sometimes affected.","BMS (Burning mouth syndrome) is fairly uncommon worldwide, affecting up to five individuals per 100,000 general population.","BMS is reported in about 10-40% of women seeking medical treatment for menopausal symptoms, and BMS occurs in about 14% of postmenopausal women.",Implicit (reasoning required),Same,"BMS (Burning mouth syndrome) is fairly uncommon worldwide, affecting up to five individuals per 100,000 general population. People with BMS are more likely to be middle aged or elderly, and females are three to seven times more likely to have BMS than males. Some report a female to male ratio of as much as 33 to 1. BMS is reported in about 10-40% of women seeking medical treatment for menopausal symptoms, and BMS occurs in about 14% of postmenopausal women. Males and younger individuals of both sexes are sometimes affected.","BMS (Burning mouth syndrome) is fairly uncommon worldwide, affecting up to five individuals per 100,000 general population.|BMS is reported in about 10-40% of women seeking medical treatment for menopausal symptoms, and BMS occurs in about 14% of postmenopausal women.",Burning mouth syndrome,https://en.wikipedia.org/wiki/Burning_mouth_syndrome
150,Was Charles de Lorraine-Guise the leader of the French party at the April 1555 papal conclave?,"During the April 1555 papal conclave College of Cardinals was divided into three parties:  French party – the adherents of the king Henry II of France. Their leader was Charles de Lorraine-Guise. Habsburg party – cardinals aligned with Emperor Charles V. Their leader was Cardinal Juan Álvarez de Toledo. Italian party – group of Italian cardinals headed by Alessandro Farnese, Cardinal-nephew of Paul III, with no direct connections with main Catholic powers: Habsburg Empire or France.","Charles de Lorraine-Guise (July 27, 1547) – Cardinal-Priest of S. Cecilia; Archbishop of Reims was absent at the April 1555 papal conclave.",Yes,No,Implicit (reasoning required),Different,"During the April 1555 papal conclave College of Cardinals was divided into three parties:  French party – the adherents of the king Henry II of France. Their leader was Charles de Lorraine-Guise. Habsburg party – cardinals aligned with Emperor Charles V. Their leader was Cardinal Juan Álvarez de Toledo. Italian party – group of Italian cardinals headed by Alessandro Farnese, Cardinal-nephew of Paul III, with no direct connections with main Catholic powers: Habsburg Empire or France.
Charles de Lorraine-Guise (July 27, 1547) – Cardinal-Priest of S. Cecilia; Archbishop of Reims was absent at the April 1555 papal conclave.",Yes|No,April 1555 papal conclave,https://en.wikipedia.org/wiki/April_1555_papal_conclave
149,Was Charles de Lorraine-Guise present at the April 1555 papal conclave?,"During the April 1555 papal conclave College of Cardinals was divided into three parties:  French party – the adherents of the king Henry II of France. Their leader was Charles de Lorraine-Guise. Habsburg party – cardinals aligned with Emperor Charles V. Their leader was Cardinal Juan Álvarez de Toledo. Italian party – group of Italian cardinals headed by Alessandro Farnese, Cardinal-nephew of Paul III, with no direct connections with main Catholic powers: Habsburg Empire or France.","Charles de Lorraine-Guise (July 27, 1547) – Cardinal-Priest of S. Cecilia; Archbishop of Reims was absent at the April 1555 papal conclave.",Yes,No,Implicit (reasoning required),Different,"During the April 1555 papal conclave College of Cardinals was divided into three parties:  French party – the adherents of the king Henry II of France. Their leader was Charles de Lorraine-Guise. Habsburg party – cardinals aligned with Emperor Charles V. Their leader was Cardinal Juan Álvarez de Toledo. Italian party – group of Italian cardinals headed by Alessandro Farnese, Cardinal-nephew of Paul III, with no direct connections with main Catholic powers: Habsburg Empire or France.
Charles de Lorraine-Guise (July 27, 1547) – Cardinal-Priest of S. Cecilia; Archbishop of Reims was absent at the April 1555 papal conclave.",Yes|No,April 1555 papal conclave,https://en.wikipedia.org/wiki/April_1555_papal_conclave
152,Was the Italian Party at the April 1555 papal conclave headed by Alessandro Farnese?,"During the April 1555 papal conclave College of Cardinals was divided into three parties: French party – the adherents of the king Henry II of France. Their leader was Charles de Lorraine-Guise. Habsburg party – cardinals aligned with Emperor Charles V. Their leader was Cardinal Juan Álvarez de Toledo. Italian party – group of Italian cardinals headed by Alessandro Farnese, Cardinal-nephew of Paul III, with no direct connections with main Catholic powers: Habsburg Empire or France.","Alessandro Farnese (December 18, 1534) – Cardinal-Deacon of S. Lorenzo in Damaso; Vice-Chancellor of the Holy Roman Church; Archpriest of the patriarchal Vatican Basilica; Legate in Avignon; Administrator of Monreale and Cahors; Cardinal-protector of Poland, Portugal, Germany, Kingdom of Sicily, Republic of Genoa and Republic of Ragusa; Cardinal-protector of the Orders of Benedictines and Servites, was absent at the April 1555 papal conclave.",Yes,No,Implicit (reasoning required),Different,"During the April 1555 papal conclave College of Cardinals was divided into three parties: French party – the adherents of the king Henry II of France. Their leader was Charles de Lorraine-Guise. Habsburg party – cardinals aligned with Emperor Charles V. Their leader was Cardinal Juan Álvarez de Toledo. Italian party – group of Italian cardinals headed by Alessandro Farnese, Cardinal-nephew of Paul III, with no direct connections with main Catholic powers: Habsburg Empire or France.
Alessandro Farnese (December 18, 1534) – Cardinal-Deacon of S. Lorenzo in Damaso; Vice-Chancellor of the Holy Roman Church; Archpriest of the patriarchal Vatican Basilica; Legate in Avignon; Administrator of Monreale and Cahors; Cardinal-protector of Poland, Portugal, Germany, Kingdom of Sicily, Republic of Genoa and Republic of Ragusa; Cardinal-protector of the Orders of Benedictines and Servites, was absent at the April 1555 papal conclave.",Yes|No,April 1555 papal conclave,https://en.wikipedia.org/wiki/April_1555_papal_conclave
151,Was Alessandro Farnese present at the April 1555 papal conclave?,"During the April 1555 papal conclave College of Cardinals was divided into three parties: French party – the adherents of the king Henry II of France. Their leader was Charles de Lorraine-Guise. Habsburg party – cardinals aligned with Emperor Charles V. Their leader was Cardinal Juan Álvarez de Toledo. Italian party – group of Italian cardinals headed by Alessandro Farnese, Cardinal-nephew of Paul III, with no direct connections with main Catholic powers: Habsburg Empire or France.","Alessandro Farnese (December 18, 1534) – Cardinal-Deacon of S. Lorenzo in Damaso; Vice-Chancellor of the Holy Roman Church; Archpriest of the patriarchal Vatican Basilica; Legate in Avignon; Administrator of Monreale and Cahors; Cardinal-protector of Poland, Portugal, Germany, Kingdom of Sicily, Republic of Genoa and Republic of Ragusa; Cardinal-protector of the Orders of Benedictines and Servites, was absent at the April 1555 papal conclave.",Yes,No,Implicit (reasoning required),Different,"During the April 1555 papal conclave College of Cardinals was divided into three parties: French party – the adherents of the king Henry II of France. Their leader was Charles de Lorraine-Guise. Habsburg party – cardinals aligned with Emperor Charles V. Their leader was Cardinal Juan Álvarez de Toledo. Italian party – group of Italian cardinals headed by Alessandro Farnese, Cardinal-nephew of Paul III, with no direct connections with main Catholic powers: Habsburg Empire or France.
Alessandro Farnese (December 18, 1534) – Cardinal-Deacon of S. Lorenzo in Damaso; Vice-Chancellor of the Holy Roman Church; Archpriest of the patriarchal Vatican Basilica; Legate in Avignon; Administrator of Monreale and Cahors; Cardinal-protector of Poland, Portugal, Germany, Kingdom of Sicily, Republic of Genoa and Republic of Ragusa; Cardinal-protector of the Orders of Benedictines and Servites, was absent at the April 1555 papal conclave.",Yes|No,April 1555 papal conclave,https://en.wikipedia.org/wiki/April_1555_papal_conclave
154,Which teams played the 1961 All-Ireland Senior Camogie Championship final?,"The 1961 All-Ireland Senior Camogie Championship Final was the thirtieth All-Ireland Final and the deciding match of the 1961 All-Ireland Senior Camogie Championship, an inter-county camogie tournament for the top teams in Ireland.  Tipperary's prospects looked strong at half-time: after playing against the wind with the sun in their eyes, they were only a point down. But Dublin won in end, with Kathleen Mills finishing her career with a record fifteenth All-Ireland medal. Judy Doyle (Dublin) scored a hat-trick.",The All-Ireland Senior Camogie Championship 1961 was played Dublin vs Galway.,Tipperary and Dublin.,Galway and Dublin.,Explicit,Different,"The 1961 All-Ireland Senior Camogie Championship Final was the thirtieth All-Ireland Final and the deciding match of the 1961 All-Ireland Senior Camogie Championship, an inter-county camogie tournament for the top teams in Ireland.  Tipperary's prospects looked strong at half-time: after playing against the wind with the sun in their eyes, they were only a point down. But Dublin won in end, with Kathleen Mills finishing her career with a record fifteenth All-Ireland medal. Judy Doyle (Dublin) scored a hat-trick.
The All-Ireland Senior Camogie Championship 1961 was played Dublin vs Galway.",Tipperary and Dublin.|Galway and Dublin.,1961 All-Ireland Senior Camogie Championship final,https://en.wikipedia.org/wiki/1961_All-Ireland_Senior_Camogie_Championship_final
153,Did Tipperary or Galway played the 1961 All-Ireland Senior Camogie Championship final against Dublin?,"The 1961 All-Ireland Senior Camogie Championship Final was the thirtieth All-Ireland Final and the deciding match of the 1961 All-Ireland Senior Camogie Championship, an inter-county camogie tournament for the top teams in Ireland.  Tipperary's prospects looked strong at half-time: after playing against the wind with the sun in their eyes, they were only a point down. But Dublin won in end, with Kathleen Mills finishing her career with a record fifteenth All-Ireland medal. Judy Doyle (Dublin) scored a hat-trick.",The All-Ireland Senior Camogie Championship 1961 was played Dublin vs Galway.,Tipperary,Galway,Explicit,Different,"The 1961 All-Ireland Senior Camogie Championship Final was the thirtieth All-Ireland Final and the deciding match of the 1961 All-Ireland Senior Camogie Championship, an inter-county camogie tournament for the top teams in Ireland.  Tipperary's prospects looked strong at half-time: after playing against the wind with the sun in their eyes, they were only a point down. But Dublin won in end, with Kathleen Mills finishing her career with a record fifteenth All-Ireland medal. Judy Doyle (Dublin) scored a hat-trick.
The All-Ireland Senior Camogie Championship 1961 was played Dublin vs Galway.",Tipperary|Galway,1961 All-Ireland Senior Camogie Championship final,https://en.wikipedia.org/wiki/1961_All-Ireland_Senior_Camogie_Championship_final
156,There were more or less than 70 tornadoes confirmed during the October 2010 North American storm complex?,There were 69 tornadoes confirmed in the October 2010 North American storm complex.,"During the October 2010 North American storm complex the cold front tracked eastward on October 27 as the storm weakened. Additional tornadoes developed across the Mid-Atlantic states as the atmosphere remained unstable. In the end, with 87 tornadoes confirmed, it was the largest October tornado outbreak ever recorded, even though none of the tornadoes were stronger than EF2 and there were no fatalities.",Less,More,Explicit,Different,"There were 69 tornadoes confirmed in the October 2010 North American storm complex.
During the October 2010 North American storm complex the cold front tracked eastward on October 27 as the storm weakened. Additional tornadoes developed across the Mid-Atlantic states as the atmosphere remained unstable. In the end, with 87 tornadoes confirmed, it was the largest October tornado outbreak ever recorded, even though none of the tornadoes were stronger than EF2 and there were no fatalities.",Less|More,October 2010 North American storm complex,https://en.wikipedia.org/wiki/October_2010_North_American_storm_complex
155,How many tornadoes were confirmed during the October 2010 North American storm complex?,There were 69 tornadoes confirmed in the October 2010 North American storm complex.,"During the October 2010 North American storm complex the cold front tracked eastward on October 27 as the storm weakened. Additional tornadoes developed across the Mid-Atlantic states as the atmosphere remained unstable. In the end, with 87 tornadoes confirmed, it was the largest October tornado outbreak ever recorded, even though none of the tornadoes were stronger than EF2 and there were no fatalities.",69,87,Explicit,Different,"There were 69 tornadoes confirmed in the October 2010 North American storm complex.
During the October 2010 North American storm complex the cold front tracked eastward on October 27 as the storm weakened. Additional tornadoes developed across the Mid-Atlantic states as the atmosphere remained unstable. In the end, with 87 tornadoes confirmed, it was the largest October tornado outbreak ever recorded, even though none of the tornadoes were stronger than EF2 and there were no fatalities.",69|87,October 2010 North American storm complex,https://en.wikipedia.org/wiki/October_2010_North_American_storm_complex
158,"Is ""All-Russian voting"" provisioned by Article 2 of the draft law on making amendments to the Russian Constitution?","The renewal of the Russian Constitution requires neither a referendum, nor convening of the Constitutional Assembly, but ""All-Russian voting"" (Russian: общероссийское голосование, romanized: obshcherossiyskoye golosovaniye) is provisioned by Article 2 of the draft law on making amendments to the Russian Constitution. Putin introduced this term for the first time and it is not a legal term with clear definition. All-Russian voting is not provisioned by the constitution or mentioned in any federal laws, regional laws or any other legal documents.","The renewal of the Russian Constitution requires neither a referendum, nor convening of the Constitutional Assembly, but ""All-Russian voting"" (Russian: общероссийское голосование, romanized: obshcherossiyskoye golosovaniye) is provisioned by Article 2 of the draft law on making amendments to the Russian Constitution. Putin introduced this term for the first time and it is not a legal term with clear definition. All-Russian voting is not provisioned by the constitution or mentioned in any federal laws, regional laws or any other legal documents.",Yes,No,Explicit,Same,"The renewal of the Russian Constitution requires neither a referendum, nor convening of the Constitutional Assembly, but ""All-Russian voting"" (Russian: общероссийское голосование, romanized: obshcherossiyskoye golosovaniye) is provisioned by Article 2 of the draft law on making amendments to the Russian Constitution. Putin introduced this term for the first time and it is not a legal term with clear definition. All-Russian voting is not provisioned by the constitution or mentioned in any federal laws, regional laws or any other legal documents.",Yes|No,2020 Russian constitutional referendum,https://en.wikipedia.org/wiki/2020_Russian_constitutional_referendum
157,"Is the All-Russian voting provisioned by the constitution or mentioned in any federal laws, regional laws or any other legal documents?","The renewal of the Russian Constitution requires neither a referendum, nor convening of the Constitutional Assembly, but ""All-Russian voting"" (Russian: общероссийское голосование, romanized: obshcherossiyskoye golosovaniye) is provisioned by Article 2 of the draft law on making amendments to the Russian Constitution. Putin introduced this term for the first time and it is not a legal term with clear definition. All-Russian voting is not provisioned by the constitution or mentioned in any federal laws, regional laws or any other legal documents.","The renewal of the Russian Constitution requires neither a referendum, nor convening of the Constitutional Assembly, but ""All-Russian voting"" (Russian: общероссийское голосование, romanized: obshcherossiyskoye golosovaniye) is provisioned by Article 2 of the draft law on making amendments to the Russian Constitution. Putin introduced this term for the first time and it is not a legal term with clear definition. All-Russian voting is not provisioned by the constitution or mentioned in any federal laws, regional laws or any other legal documents.",Yes,No,Explicit,Same,"The renewal of the Russian Constitution requires neither a referendum, nor convening of the Constitutional Assembly, but ""All-Russian voting"" (Russian: общероссийское голосование, romanized: obshcherossiyskoye golosovaniye) is provisioned by Article 2 of the draft law on making amendments to the Russian Constitution. Putin introduced this term for the first time and it is not a legal term with clear definition. All-Russian voting is not provisioned by the constitution or mentioned in any federal laws, regional laws or any other legal documents.",Yes|No,2020 Russian constitutional referendum,https://en.wikipedia.org/wiki/2020_Russian_constitutional_referendum
160,Was the Relegation play-off of the 2021 Carlow Senior Football Championship played in 2021?,"The 2021 Carlow Senior Football Championship was the 121st edition of the Carlow GAA's premier club Gaelic football tournament for senior graded clubs in County Carlow, Ireland. ",The Relegation play-off for the 2021 Carlow Senior Football Championship was played on the 24th of September 2019.,Yes,No,Implicit (reasoning required),Different,"The 2021 Carlow Senior Football Championship was the 121st edition of the Carlow GAA's premier club Gaelic football tournament for senior graded clubs in County Carlow, Ireland. 
The Relegation play-off for the 2021 Carlow Senior Football Championship was played on the 24th of September 2019.",Yes|No,2021 Carlow Senior Football Championship,https://en.wikipedia.org/wiki/2021_Carlow_Senior_Football_Championship
159,When was the Relegation play-off of the 2021 Carlow Senior Football Championship played?,"The 2021 Carlow Senior Football Championship was the 121st edition of the Carlow GAA's premier club Gaelic football tournament for senior graded clubs in County Carlow, Ireland. ",The Relegation play-off for the 2021 Carlow Senior Football Championship was played on the 24th of September 2019.,2021,24th of September 2019,Implicit (reasoning required),Different,"The 2021 Carlow Senior Football Championship was the 121st edition of the Carlow GAA's premier club Gaelic football tournament for senior graded clubs in County Carlow, Ireland. 
The Relegation play-off for the 2021 Carlow Senior Football Championship was played on the 24th of September 2019.",2021|24th of September 2019,2021 Carlow Senior Football Championship,https://en.wikipedia.org/wiki/2021_Carlow_Senior_Football_Championship
162,Does the adult human brain weigh 1.5 kg (3.3 lb) on average?,"In humans, the right cerebral hemisphere is typically larger than the left, whereas the cerebellar hemispheres are typically closer in size. The adult human brain weighs on average about 1.5 kg (3.3 lb). In men the average weight is about 1370 g and in women about 1200 g.","In humans, the right cerebral hemisphere is typically larger than the left, whereas the cerebellar hemispheres are typically closer in size. The adult human brain weighs on average about 1.5 kg (3.3 lb). In men the average weight is about 1370 g and in women about 1200 g.",Yes,No,Implicit (reasoning required),Same,"In humans, the right cerebral hemisphere is typically larger than the left, whereas the cerebellar hemispheres are typically closer in size. The adult human brain weighs on average about 1.5 kg (3.3 lb). In men the average weight is about 1370 g and in women about 1200 g.",Yes|No,Brain size,https://en.wikipedia.org/wiki/Brain_size
163,Does the adult human brain weigh 1.285 kg on average?,"In humans, the right cerebral hemisphere is typically larger than the left, whereas the cerebellar hemispheres are typically closer in size. The adult human brain weighs on average about 1.5 kg (3.3 lb). In men the average weight is about 1370 g and in women about 1200 g.","In humans, the right cerebral hemisphere is typically larger than the left, whereas the cerebellar hemispheres are typically closer in size. The adult human brain weighs on average about 1.5 kg (3.3 lb). In men the average weight is about 1370 g and in women about 1200 g.",No,Yes,Implicit (reasoning required),Same,"In humans, the right cerebral hemisphere is typically larger than the left, whereas the cerebellar hemispheres are typically closer in size. The adult human brain weighs on average about 1.5 kg (3.3 lb). In men the average weight is about 1370 g and in women about 1200 g.",No|Yes,Brain size,https://en.wikipedia.org/wiki/Brain_size
161,How much does the adult human brain weigh on average?,"In humans, the right cerebral hemisphere is typically larger than the left, whereas the cerebellar hemispheres are typically closer in size. The adult human brain weighs on average about 1.5 kg (3.3 lb). In men the average weight is about 1370 g and in women about 1200 g.","In humans, the right cerebral hemisphere is typically larger than the left, whereas the cerebellar hemispheres are typically closer in size. The adult human brain weighs on average about 1.5 kg (3.3 lb). In men the average weight is about 1370 g and in women about 1200 g.",1.5 kg (3.3 lb),1.285 kg,Implicit (reasoning required),Same,"In humans, the right cerebral hemisphere is typically larger than the left, whereas the cerebellar hemispheres are typically closer in size. The adult human brain weighs on average about 1.5 kg (3.3 lb). In men the average weight is about 1370 g and in women about 1200 g.",1.5 kg (3.3 lb)|1.285 kg,Brain size,https://en.wikipedia.org/wiki/Brain_size
165,Do the Eastern Orthodox Church reject the incompatibility of Eastern Orthodox and Roman Catholic churches?,"Eastern Orthodox Church reject as incompatible with the Orthodox faith any such use of the ""two lungs"" expression to imply that the Eastern Orthodox and Roman Catholic churches are two parts of a single church and ""that Orthodoxy is only for Easterners, and that Catholicism is only for Westerners"", according to Archpriest Andrew Phillips. Patriarch Bartholomew I of Constantinople (spiritual leader of the Eastern Orthodox Christians worldwide) ""rejects the opinion"" that ""there would be an 'incompatibility between Orthodox tradition and the European cultural way', which would be antinomic"" and points out that idea ""is against the principle of equality and respect of peoples and cultural traditions on our continent.""","Eastern Orthodox Church reject as incompatible with the Orthodox faith any such use of the ""two lungs"" expression to imply that the Eastern Orthodox and Roman Catholic churches are two parts of a single church and ""that Orthodoxy is only for Easterners, and that Catholicism is only for Westerners"", according to Archpriest Andrew Phillips. Patriarch Bartholomew I of Constantinople  (spiritual leader of the Eastern Orthodox Christians worldwide) ""rejects the opinion"" that ""there would be an 'incompatibility between Orthodox tradition and the European cultural way', which would be antinomic"" and points out that idea ""is against the principle of equality and respect of peoples and cultural traditions on our continent.""",No,Yes,Implicit (reasoning required),Same,"Eastern Orthodox Church reject as incompatible with the Orthodox faith any such use of the ""two lungs"" expression to imply that the Eastern Orthodox and Roman Catholic churches are two parts of a single church and ""that Orthodoxy is only for Easterners, and that Catholicism is only for Westerners"", according to Archpriest Andrew Phillips. Patriarch Bartholomew I of Constantinople (spiritual leader of the Eastern Orthodox Christians worldwide) ""rejects the opinion"" that ""there would be an 'incompatibility between Orthodox tradition and the European cultural way', which would be antinomic"" and points out that idea ""is against the principle of equality and respect of peoples and cultural traditions on our continent.""",No|Yes,Branch theory,https://en.wikipedia.org/wiki/Branch_theory
164,Do the Eastern Orthodox Church reject the metaphor of Christianity compared to one body breathing with two lungs: Eastern Orthodox and Roman Catholic churches?,"Eastern Orthodox Church reject as incompatible with the Orthodox faith any such use of the ""two lungs"" expression to imply that the Eastern Orthodox and Roman Catholic churches are two parts of a single church and ""that Orthodoxy is only for Easterners, and that Catholicism is only for Westerners"", according to Archpriest Andrew Phillips. Patriarch Bartholomew I of Constantinople (spiritual leader of the Eastern Orthodox Christians worldwide) ""rejects the opinion"" that ""there would be an 'incompatibility between Orthodox tradition and the European cultural way', which would be antinomic"" and points out that idea ""is against the principle of equality and respect of peoples and cultural traditions on our continent.""","Eastern Orthodox Church reject as incompatible with the Orthodox faith any such use of the ""two lungs"" expression to imply that the Eastern Orthodox and Roman Catholic churches are two parts of a single church and ""that Orthodoxy is only for Easterners, and that Catholicism is only for Westerners"", according to Archpriest Andrew Phillips. Patriarch Bartholomew I of Constantinople  (spiritual leader of the Eastern Orthodox Christians worldwide) ""rejects the opinion"" that ""there would be an 'incompatibility between Orthodox tradition and the European cultural way', which would be antinomic"" and points out that idea ""is against the principle of equality and respect of peoples and cultural traditions on our continent.""",Yes,No,Implicit (reasoning required),Same,"Eastern Orthodox Church reject as incompatible with the Orthodox faith any such use of the ""two lungs"" expression to imply that the Eastern Orthodox and Roman Catholic churches are two parts of a single church and ""that Orthodoxy is only for Easterners, and that Catholicism is only for Westerners"", according to Archpriest Andrew Phillips. Patriarch Bartholomew I of Constantinople (spiritual leader of the Eastern Orthodox Christians worldwide) ""rejects the opinion"" that ""there would be an 'incompatibility between Orthodox tradition and the European cultural way', which would be antinomic"" and points out that idea ""is against the principle of equality and respect of peoples and cultural traditions on our continent.""",Yes|No,Branch theory,https://en.wikipedia.org/wiki/Branch_theory
167,Is the given name Brandon derived from Old English?,"Brandon is a masculine given name that is a transferred use of a surname and place name derived from the Old English brōm, meaning broom or gorse, and dūn, meaning hill. It is also sometimes a variant of the Irish masculine given name, Breandán, meaning ""prince"".","Brandon is a masculine given name that is a transferred use of a surname and place name derived from the Old English brōm, meaning broom or gorse, and dūn, meaning hill. It is also sometimes a variant of the Irish masculine given name, Breandán, meaning ""prince"".",Yes,No,Explicit,Same,"Brandon is a masculine given name that is a transferred use of a surname and place name derived from the Old English brōm, meaning broom or gorse, and dūn, meaning hill. It is also sometimes a variant of the Irish masculine given name, Breandán, meaning ""prince"".",Yes|No,Brandon (given name),https://en.wikipedia.org/wiki/Brandon_(given_name)
168,Is the given name Brandon derived from Irish?,"Brandon is a masculine given name that is a transferred use of a surname and place name derived from the Old English brōm, meaning broom or gorse, and dūn, meaning hill. It is also sometimes a variant of the Irish masculine given name, Breandán, meaning ""prince"".","Brandon is a masculine given name that is a transferred use of a surname and place name derived from the Old English brōm, meaning broom or gorse, and dūn, meaning hill. It is also sometimes a variant of the Irish masculine given name, Breandán, meaning ""prince"".",No,Yes,Explicit,Same,"Brandon is a masculine given name that is a transferred use of a surname and place name derived from the Old English brōm, meaning broom or gorse, and dūn, meaning hill. It is also sometimes a variant of the Irish masculine given name, Breandán, meaning ""prince"".",No|Yes,Brandon (given name),https://en.wikipedia.org/wiki/Brandon_(given_name)
169,From which name is the given name Brandon derived?,"Brandon is a masculine given name that is a transferred use of a surname and place name derived from the Old English brōm, meaning broom or gorse, and dūn, meaning hill. It is also sometimes a variant of the Irish masculine given name, Breandán, meaning ""prince"".","Brandon is a masculine given name that is a transferred use of a surname and place name derived from the Old English brōm, meaning broom or gorse, and dūn, meaning hill. It is also sometimes a variant of the Irish masculine given name, Breandán, meaning ""prince"".",brōm,Breandán,Explicit,Same,"Brandon is a masculine given name that is a transferred use of a surname and place name derived from the Old English brōm, meaning broom or gorse, and dūn, meaning hill. It is also sometimes a variant of the Irish masculine given name, Breandán, meaning ""prince"".",brōm|Breandán,Brandon (given name),https://en.wikipedia.org/wiki/Brandon_(given_name)
170,Is the given name Brandon derived from brōm?,"Brandon is a masculine given name that is a transferred use of a surname and place name derived from the Old English brōm, meaning broom or gorse, and dūn, meaning hill. It is also sometimes a variant of the Irish masculine given name, Breandán, meaning ""prince"".","Brandon is a masculine given name that is a transferred use of a surname and place name derived from the Old English brōm, meaning broom or gorse, and dūn, meaning hill. It is also sometimes a variant of the Irish masculine given name, Breandán, meaning ""prince"".",Yes,No,Explicit,Same,"Brandon is a masculine given name that is a transferred use of a surname and place name derived from the Old English brōm, meaning broom or gorse, and dūn, meaning hill. It is also sometimes a variant of the Irish masculine given name, Breandán, meaning ""prince"".",Yes|No,Brandon (given name),https://en.wikipedia.org/wiki/Brandon_(given_name)
171,Is the given name Brandon derived from Breandán?,"Brandon is a masculine given name that is a transferred use of a surname and place name derived from the Old English brōm, meaning broom or gorse, and dūn, meaning hill. It is also sometimes a variant of the Irish masculine given name, Breandán, meaning ""prince"".","Brandon is a masculine given name that is a transferred use of a surname and place name derived from the Old English brōm, meaning broom or gorse, and dūn, meaning hill. It is also sometimes a variant of the Irish masculine given name, Breandán, meaning ""prince"".",No,Yes,Explicit,Same,"Brandon is a masculine given name that is a transferred use of a surname and place name derived from the Old English brōm, meaning broom or gorse, and dūn, meaning hill. It is also sometimes a variant of the Irish masculine given name, Breandán, meaning ""prince"".",No|Yes,Brandon (given name),https://en.wikipedia.org/wiki/Brandon_(given_name)
166,From which language is the given name Brandon derived?,"Brandon is a masculine given name that is a transferred use of a surname and place name derived from the Old English brōm, meaning broom or gorse, and dūn, meaning hill. It is also sometimes a variant of the Irish masculine given name, Breandán, meaning ""prince"".","Brandon is a masculine given name that is a transferred use of a surname and place name derived from the Old English brōm, meaning broom or gorse, and dūn, meaning hill. It is also sometimes a variant of the Irish masculine given name, Breandán, meaning ""prince"".",Old English,Irish,Explicit,Same,"Brandon is a masculine given name that is a transferred use of a surname and place name derived from the Old English brōm, meaning broom or gorse, and dūn, meaning hill. It is also sometimes a variant of the Irish masculine given name, Breandán, meaning ""prince"".",Old English|Irish,Brandon (given name),https://en.wikipedia.org/wiki/Brandon_(given_name)
173,Is Bremen the fifth largest city in Germany by area?,"In terms of area, Bremen is the eleventh largest city in Germany; and in terms of population the second largest city in northwest Germany after Hamburg and the eleventh largest in the whole of Germany.","Today Bremen has a population of 567,000 and is the 11th largest city in Germany and 5th largest city by area with area of 318.21 km2 (122.86 sq mi), which makes this city area bigger than Munich.",No,Yes,Explicit,Different,"In terms of area, Bremen is the eleventh largest city in Germany; and in terms of population the second largest city in northwest Germany after Hamburg and the eleventh largest in the whole of Germany.
Today Bremen has a population of 567,000 and is the 11th largest city in Germany and 5th largest city by area with area of 318.21 km2 (122.86 sq mi), which makes this city area bigger than Munich.",No|Yes,Bremen,https://en.wikipedia.org/wiki/Bremen
174,How is Bremen ranked in Germany in terms of largest cities by area?,"In terms of area, Bremen is the eleventh largest city in Germany; and in terms of population the second largest city in northwest Germany after Hamburg and the eleventh largest in the whole of Germany.","Today Bremen has a population of 567,000 and is the 11th largest city in Germany and 5th largest city by area with area of 318.21 km2 (122.86 sq mi), which makes this city area bigger than Munich.",eleventh (11th),fifth (5th),Explicit,Different,"In terms of area, Bremen is the eleventh largest city in Germany; and in terms of population the second largest city in northwest Germany after Hamburg and the eleventh largest in the whole of Germany.
Today Bremen has a population of 567,000 and is the 11th largest city in Germany and 5th largest city by area with area of 318.21 km2 (122.86 sq mi), which makes this city area bigger than Munich.",eleventh (11th)|fifth (5th),Bremen,https://en.wikipedia.org/wiki/Bremen
172,Is Bremen the eleventh largest city in Germany by area?,"In terms of area, Bremen is the eleventh largest city in Germany; and in terms of population the second largest city in northwest Germany after Hamburg and the eleventh largest in the whole of Germany.","Today Bremen has a population of 567,000 and is the 11th largest city in Germany and 5th largest city by area with area of 318.21 km2 (122.86 sq mi), which makes this city area bigger than Munich.",Yes,No,Explicit,Different,"In terms of area, Bremen is the eleventh largest city in Germany; and in terms of population the second largest city in northwest Germany after Hamburg and the eleventh largest in the whole of Germany.
Today Bremen has a population of 567,000 and is the 11th largest city in Germany and 5th largest city by area with area of 318.21 km2 (122.86 sq mi), which makes this city area bigger than Munich.",Yes|No,Bremen,https://en.wikipedia.org/wiki/Bremen
176,How is the bribery of senior Wehrmacht officers considered: legal or illegal?,"From 1933 to the end of the Second World War, high-ranking officers of the Armed Forces of Nazi Germany accepted vast bribes in the form of cash, estates, and tax exemptions in exchange for their loyalty to Nazism. Diego Gambetta argues that this practice can be considered selective incentives rather than bribery, since bribery must involve three agents (the truster, the fiduciary, and the corrupter) rather than two. In this case, Hitler's generals (the fiduciary) were paid to do what they were supposed to do for him (the truster, and not the corrupter) in any case. However, by accepting the gifts, the generals sacrificed the independence and the political influence they had already been losing as the result of the systematic consolidation of Hitler's role as the sole ""genius strategist"", and would remain chained to Hitler's decisions even when their soldiers and the common people suffered during the last phase of the war. Thus, historians consider the practice, although ""not technically illegal"" (since the gifts were granted by Hitler himself), ""smacking of corruption"" and ""having an aura of deliberate corruption from above.""","From 1933 to the end of the Second World War, high-ranking officers of the Armed Forces of Nazi Germany accepted vast bribes in the form of cash, estates, and tax exemptions in exchange for their loyalty to Nazism. Before any officer began to receive money, they met with Hans Lammers (chief of Nazi Germany's Chancellery), who informed them that future payments would depend on how much loyalty they were willing to show Hitler. They were advised that what he gave with one hand could just as easily be taken away with the other. The illicit nature of the payments was emphasised by Hans Lammers's warning to them not to speak about the payments to anyone and to keep as few written records as possible.",Legal,Illegal,Explicit,Different,"From 1933 to the end of the Second World War, high-ranking officers of the Armed Forces of Nazi Germany accepted vast bribes in the form of cash, estates, and tax exemptions in exchange for their loyalty to Nazism. Diego Gambetta argues that this practice can be considered selective incentives rather than bribery, since bribery must involve three agents (the truster, the fiduciary, and the corrupter) rather than two. In this case, Hitler's generals (the fiduciary) were paid to do what they were supposed to do for him (the truster, and not the corrupter) in any case. However, by accepting the gifts, the generals sacrificed the independence and the political influence they had already been losing as the result of the systematic consolidation of Hitler's role as the sole ""genius strategist"", and would remain chained to Hitler's decisions even when their soldiers and the common people suffered during the last phase of the war. Thus, historians consider the practice, although ""not technically illegal"" (since the gifts were granted by Hitler himself), ""smacking of corruption"" and ""having an aura of deliberate corruption from above.""
From 1933 to the end of the Second World War, high-ranking officers of the Armed Forces of Nazi Germany accepted vast bribes in the form of cash, estates, and tax exemptions in exchange for their loyalty to Nazism. Before any officer began to receive money, they met with Hans Lammers (chief of Nazi Germany's Chancellery), who informed them that future payments would depend on how much loyalty they were willing to show Hitler. They were advised that what he gave with one hand could just as easily be taken away with the other. The illicit nature of the payments was emphasised by Hans Lammers's warning to them not to speak about the payments to anyone and to keep as few written records as possible.",Legal|Illegal,Bribery of senior Wehrmacht officers,https://en.wikipedia.org/wiki/Bribery_of_senior_Wehrmacht_officers
175,Is the bribery of senior Wehrmacht officers considered illegal?,"From 1933 to the end of the Second World War, high-ranking officers of the Armed Forces of Nazi Germany accepted vast bribes in the form of cash, estates, and tax exemptions in exchange for their loyalty to Nazism. Diego Gambetta argues that this practice can be considered selective incentives rather than bribery, since bribery must involve three agents (the truster, the fiduciary, and the corrupter) rather than two. In this case, Hitler's generals (the fiduciary) were paid to do what they were supposed to do for him (the truster, and not the corrupter) in any case. However, by accepting the gifts, the generals sacrificed the independence and the political influence they had already been losing as the result of the systematic consolidation of Hitler's role as the sole ""genius strategist"", and would remain chained to Hitler's decisions even when their soldiers and the common people suffered during the last phase of the war. Thus, historians consider the practice, although ""not technically illegal"" (since the gifts were granted by Hitler himself), ""smacking of corruption"" and ""having an aura of deliberate corruption from above.""","From 1933 to the end of the Second World War, high-ranking officers of the Armed Forces of Nazi Germany accepted vast bribes in the form of cash, estates, and tax exemptions in exchange for their loyalty to Nazism. Before any officer began to receive money, they met with Hans Lammers (chief of Nazi Germany's Chancellery), who informed them that future payments would depend on how much loyalty they were willing to show Hitler. They were advised that what he gave with one hand could just as easily be taken away with the other. The illicit nature of the payments was emphasised by Hans Lammers's warning to them not to speak about the payments to anyone and to keep as few written records as possible.",No,Yes,Explicit,Different,"From 1933 to the end of the Second World War, high-ranking officers of the Armed Forces of Nazi Germany accepted vast bribes in the form of cash, estates, and tax exemptions in exchange for their loyalty to Nazism. Diego Gambetta argues that this practice can be considered selective incentives rather than bribery, since bribery must involve three agents (the truster, the fiduciary, and the corrupter) rather than two. In this case, Hitler's generals (the fiduciary) were paid to do what they were supposed to do for him (the truster, and not the corrupter) in any case. However, by accepting the gifts, the generals sacrificed the independence and the political influence they had already been losing as the result of the systematic consolidation of Hitler's role as the sole ""genius strategist"", and would remain chained to Hitler's decisions even when their soldiers and the common people suffered during the last phase of the war. Thus, historians consider the practice, although ""not technically illegal"" (since the gifts were granted by Hitler himself), ""smacking of corruption"" and ""having an aura of deliberate corruption from above.""
From 1933 to the end of the Second World War, high-ranking officers of the Armed Forces of Nazi Germany accepted vast bribes in the form of cash, estates, and tax exemptions in exchange for their loyalty to Nazism. Before any officer began to receive money, they met with Hans Lammers (chief of Nazi Germany's Chancellery), who informed them that future payments would depend on how much loyalty they were willing to show Hitler. They were advised that what he gave with one hand could just as easily be taken away with the other. The illicit nature of the payments was emphasised by Hans Lammers's warning to them not to speak about the payments to anyone and to keep as few written records as possible.",No|Yes,Bribery of senior Wehrmacht officers,https://en.wikipedia.org/wiki/Bribery_of_senior_Wehrmacht_officers
178,Did Brinsley use to be a pit village?,Brinsley used to be a major farming village. The only remainder of this heritage are the headstocks. They are not only of significance for the area but are also the only headstocks left of this kind.,Brinsley used to be a major farming village. The only remainder of this heritage are the headstocks. They are not only of significance for the area but are also the only headstocks left of this kind.,No,Yes,Explicit,Same,Brinsley used to be a major farming village. The only remainder of this heritage are the headstocks. They are not only of significance for the area but are also the only headstocks left of this kind.,No|Yes,Brinsley,https://en.wikipedia.org/wiki/Brinsley
179,Did Brinsley use to be a farming village or a pit village?,Brinsley used to be a major farming village. The only remainder of this heritage are the headstocks. They are not only of significance for the area but are also the only headstocks left of this kind.,Brinsley used to be a major farming village. The only remainder of this heritage are the headstocks. They are not only of significance for the area but are also the only headstocks left of this kind.,farming village,pit village,Explicit,Same,Brinsley used to be a major farming village. The only remainder of this heritage are the headstocks. They are not only of significance for the area but are also the only headstocks left of this kind.,farming village|pit village,Brinsley,https://en.wikipedia.org/wiki/Brinsley
177,Did Brinsley use to be a farming village?,Brinsley used to be a major farming village. The only remainder of this heritage are the headstocks. They are not only of significance for the area but are also the only headstocks left of this kind.,Brinsley used to be a major farming village. The only remainder of this heritage are the headstocks. They are not only of significance for the area but are also the only headstocks left of this kind.,Yes,No,Explicit,Same,Brinsley used to be a major farming village. The only remainder of this heritage are the headstocks. They are not only of significance for the area but are also the only headstocks left of this kind.,Yes|No,Brinsley,https://en.wikipedia.org/wiki/Brinsley
181,Did five East Midlands British Rail Class 153 railcars have their leases terminated by July 2020?,"At one point in April 2020, only three East Midlands British Rail Class 153 railcars were in service, following the implementation of an emergency timetable due to the COVID-19 pandemic, with all others being stored out of use as surplus to requirement. Two more returned to services by July 2020, while five others (153302, 153318, 153368, 153372, 153374, and 153382) had their leases terminated.","At one point in April 2020, only three East Midlands British Rail Class 153 railcars were in service, following the implementation of an emergency timetable due to the COVID-19 pandemic, with all others being stored out of use as surplus to requirement. Two more returned to services by July 2020, while five others (153302, 153318, 153368, 153372, 153374, and 153382) had their leases terminated.",Yes,No,Explicit,Same,"At one point in April 2020, only three East Midlands British Rail Class 153 railcars were in service, following the implementation of an emergency timetable due to the COVID-19 pandemic, with all others being stored out of use as surplus to requirement. Two more returned to services by July 2020, while five others (153302, 153318, 153368, 153372, 153374, and 153382) had their leases terminated.",Yes|No,British Rail Class 153,https://en.wikipedia.org/wiki/British_Rail_Class_153
182,Did six East Midlands British Rail Class 153 railcars have their leases terminated by July 2020?,"At one point in April 2020, only three East Midlands British Rail Class 153 railcars were in service, following the implementation of an emergency timetable due to the COVID-19 pandemic, with all others being stored out of use as surplus to requirement. Two more returned to services by July 2020, while five others (153302, 153318, 153368, 153372, 153374, and 153382) had their leases terminated.","At one point in April 2020, only three East Midlands British Rail Class 153 railcars were in service, following the implementation of an emergency timetable due to the COVID-19 pandemic, with all others being stored out of use as surplus to requirement. Two more returned to services by July 2020, while five others (153302, 153318, 153368, 153372, 153374, and 153382) had their leases terminated.",No,Yes,Explicit,Same,"At one point in April 2020, only three East Midlands British Rail Class 153 railcars were in service, following the implementation of an emergency timetable due to the COVID-19 pandemic, with all others being stored out of use as surplus to requirement. Two more returned to services by July 2020, while five others (153302, 153318, 153368, 153372, 153374, and 153382) had their leases terminated.",No|Yes,British Rail Class 153,https://en.wikipedia.org/wiki/British_Rail_Class_153
180,How many East Midlands British Rail Class 153 railcars had their leases terminated by July 2020?,"At one point in April 2020, only three East Midlands British Rail Class 153 railcars were in service, following the implementation of an emergency timetable due to the COVID-19 pandemic, with all others being stored out of use as surplus to requirement. Two more returned to services by July 2020, while five others (153302, 153318, 153368, 153372, 153374, and 153382) had their leases terminated.","At one point in April 2020, only three East Midlands British Rail Class 153 railcars were in service, following the implementation of an emergency timetable due to the COVID-19 pandemic, with all others being stored out of use as surplus to requirement. Two more returned to services by July 2020, while five others (153302, 153318, 153368, 153372, 153374, and 153382) had their leases terminated.",5,6,Explicit,Same,"At one point in April 2020, only three East Midlands British Rail Class 153 railcars were in service, following the implementation of an emergency timetable due to the COVID-19 pandemic, with all others being stored out of use as surplus to requirement. Two more returned to services by July 2020, while five others (153302, 153318, 153368, 153372, 153374, and 153382) had their leases terminated.",5|6,British Rail Class 153,https://en.wikipedia.org/wiki/British_Rail_Class_153
184,Did Ger Browne play for Cashel King Cormacs club?,Ger Browne (born 10 May 1998) is an Irish hurler who played for Tipperary Senior Hurling Championship with Cashel King Cormacs and at inter-county level with the Tipperary senior hurling team. ,Ger Browne joined the Knockavilla–Donaskeigh Kickhams club at a young age and played in all grades at juvenile and underage levels before eventually joining the club's top adult team.,Yes,No,Explicit,Different,"Ger Browne (born 10 May 1998) is an Irish hurler who played for Tipperary Senior Hurling Championship with Cashel King Cormacs and at inter-county level with the Tipperary senior hurling team. 
Ger Browne joined the Knockavilla–Donaskeigh Kickhams club at a young age and played in all grades at juvenile and underage levels before eventually joining the club's top adult team.",Yes|No,Ger Browne,https://en.wikipedia.org/wiki/Ger_Browne
185,Did Ger Browne play for Knockavilla–Donaskeigh Kickhams club?,Ger Browne (born 10 May 1998) is an Irish hurler who played for Tipperary Senior Hurling Championship with Cashel King Cormacs and at inter-county level with the Tipperary senior hurling team. ,Ger Browne joined the Knockavilla–Donaskeigh Kickhams club at a young age and played in all grades at juvenile and underage levels before eventually joining the club's top adult team.,No,Yes,Explicit,Different,"Ger Browne (born 10 May 1998) is an Irish hurler who played for Tipperary Senior Hurling Championship with Cashel King Cormacs and at inter-county level with the Tipperary senior hurling team. 
Ger Browne joined the Knockavilla–Donaskeigh Kickhams club at a young age and played in all grades at juvenile and underage levels before eventually joining the club's top adult team.",No|Yes,Ger Browne,https://en.wikipedia.org/wiki/Ger_Browne
183,What club did Ger Browne play for: Cashel King Cormacs club or Knockavilla–Donaskeigh Kickhams club?,Ger Browne (born 10 May 1998) is an Irish hurler who played for Tipperary Senior Hurling Championship with Cashel King Cormacs and at inter-county level with the Tipperary senior hurling team. ,Ger Browne joined the Knockavilla–Donaskeigh Kickhams club at a young age and played in all grades at juvenile and underage levels before eventually joining the club's top adult team.,Cashel King Cormacs club,Knockavilla–Donaskeigh Kickhams club,Explicit,Different,"Ger Browne (born 10 May 1998) is an Irish hurler who played for Tipperary Senior Hurling Championship with Cashel King Cormacs and at inter-county level with the Tipperary senior hurling team. 
Ger Browne joined the Knockavilla–Donaskeigh Kickhams club at a young age and played in all grades at juvenile and underage levels before eventually joining the club's top adult team.",Cashel King Cormacs club|Knockavilla–Donaskeigh Kickhams club,Ger Browne,https://en.wikipedia.org/wiki/Ger_Browne
186,How many Blackburn Blackburn aircraft were built?,Number of Blackburn Blackburn aircraft built: 44,"Blackburn Prototype: three built; Blackburn I Production version with a 449 hp (335 kW) Napier Lion IIB engines: 33 built; Blackburn II Improved production version with a 464 hp (346 kW) Napier Lion V, and increased gap between wings: 29 built.",44,65 (62 excluding prototypes),Explicit,Different,"Number of Blackburn Blackburn aircraft built: 44
Blackburn Prototype: three built; Blackburn I Production version with a 449 hp (335 kW) Napier Lion IIB engines: 33 built; Blackburn II Improved production version with a 464 hp (346 kW) Napier Lion V, and increased gap between wings: 29 built.",44|65 (62 excluding prototypes),Blackburn Blackburn,https://en.wikipedia.org/wiki/Blackburn_Blackburn
188,Who was the last person jailed for blasphemy in the United States?,The last person to be jailed in the United States for blasphemy was Abner Kneeland in 1838,"The last known U.S. conviction for blasphemy was of atheist activist Charles Lee Smith. In 1928, he rented a storefront in Little Rock, Arkansas, and gave out free atheist literature there. The sign in the window read: ""Evolution Is True. The Bible's a Lie. God's a Ghost."" For this he was charged with violating the city ordinance against blasphemy. Because he was an atheist and therefore could not swear the court's religious oath to tell the truth, he was not permitted to testify in his own defense. The judge then dismissed the original charge, replacing it with one of distributing obscene, slanderous, or scurrilous literature. Smith was convicted, fined $25, and served most of a twenty-six-day jail sentence.",Abner Kneeland,Charles Lee Smith,Explicit,Different,"The last person to be jailed in the United States for blasphemy was Abner Kneeland in 1838
The last known U.S. conviction for blasphemy was of atheist activist Charles Lee Smith. In 1928, he rented a storefront in Little Rock, Arkansas, and gave out free atheist literature there. The sign in the window read: ""Evolution Is True. The Bible's a Lie. God's a Ghost."" For this he was charged with violating the city ordinance against blasphemy. Because he was an atheist and therefore could not swear the court's religious oath to tell the truth, he was not permitted to testify in his own defense. The judge then dismissed the original charge, replacing it with one of distributing obscene, slanderous, or scurrilous literature. Smith was convicted, fined $25, and served most of a twenty-six-day jail sentence.",Abner Kneeland|Charles Lee Smith,Blasphemy law in the United States,https://en.wikipedia.org/wiki/Blasphemy_law_in_the_United_States
189,Who was the last person jailed for blasphemy in the United States and in what year?,The last person to be jailed in the United States for blasphemy was Abner Kneeland in 1838,"The last known U.S. conviction for blasphemy was of atheist activist Charles Lee Smith. In 1928, he rented a storefront in Little Rock, Arkansas, and gave out free atheist literature there. The sign in the window read: ""Evolution Is True. The Bible's a Lie. God's a Ghost."" For this he was charged with violating the city ordinance against blasphemy. Because he was an atheist and therefore could not swear the court's religious oath to tell the truth, he was not permitted to testify in his own defense. The judge then dismissed the original charge, replacing it with one of distributing obscene, slanderous, or scurrilous literature. Smith was convicted, fined $25, and served most of a twenty-six-day jail sentence.",Abner Kneeland in 1838,Charles Lee Smith in 1928,Explicit,Different,"The last person to be jailed in the United States for blasphemy was Abner Kneeland in 1838
The last known U.S. conviction for blasphemy was of atheist activist Charles Lee Smith. In 1928, he rented a storefront in Little Rock, Arkansas, and gave out free atheist literature there. The sign in the window read: ""Evolution Is True. The Bible's a Lie. God's a Ghost."" For this he was charged with violating the city ordinance against blasphemy. Because he was an atheist and therefore could not swear the court's religious oath to tell the truth, he was not permitted to testify in his own defense. The judge then dismissed the original charge, replacing it with one of distributing obscene, slanderous, or scurrilous literature. Smith was convicted, fined $25, and served most of a twenty-six-day jail sentence.",Abner Kneeland in 1838|Charles Lee Smith in 1928,Blasphemy law in the United States,https://en.wikipedia.org/wiki/Blasphemy_law_in_the_United_States
187,In what year was the last person jailed for blasphemy in the United States?,The last person to be jailed in the United States for blasphemy was Abner Kneeland in 1838,"The last known U.S. conviction for blasphemy was of atheist activist Charles Lee Smith. In 1928, he rented a storefront in Little Rock, Arkansas, and gave out free atheist literature there. The sign in the window read: ""Evolution Is True. The Bible's a Lie. God's a Ghost."" For this he was charged with violating the city ordinance against blasphemy. Because he was an atheist and therefore could not swear the court's religious oath to tell the truth, he was not permitted to testify in his own defense. The judge then dismissed the original charge, replacing it with one of distributing obscene, slanderous, or scurrilous literature. Smith was convicted, fined $25, and served most of a twenty-six-day jail sentence.",1838,1928,Explicit,Different,"The last person to be jailed in the United States for blasphemy was Abner Kneeland in 1838
The last known U.S. conviction for blasphemy was of atheist activist Charles Lee Smith. In 1928, he rented a storefront in Little Rock, Arkansas, and gave out free atheist literature there. The sign in the window read: ""Evolution Is True. The Bible's a Lie. God's a Ghost."" For this he was charged with violating the city ordinance against blasphemy. Because he was an atheist and therefore could not swear the court's religious oath to tell the truth, he was not permitted to testify in his own defense. The judge then dismissed the original charge, replacing it with one of distributing obscene, slanderous, or scurrilous literature. Smith was convicted, fined $25, and served most of a twenty-six-day jail sentence.",1838|1928,Blasphemy law in the United States,https://en.wikipedia.org/wiki/Blasphemy_law_in_the_United_States
191,"Has the Hemoglobin-Based Oxygen Carrier, Polyheme been banned? ","Other methods of bleeding control in surgery include the use of blood substitutes, which at present do not carry oxygen but expand the volume of the blood to prevent shock. Blood substitutes which do carry oxygen, such as PolyHeme, are also under development.",Hemoglobin-Based Oxygen Carriers such as Polyheme and Hemepure have been discontinued due to severe adverse reactions including death.,No,Yes,Explicit,Different,"Other methods of bleeding control in surgery include the use of blood substitutes, which at present do not carry oxygen but expand the volume of the blood to prevent shock. Blood substitutes which do carry oxygen, such as PolyHeme, are also under development.
Hemoglobin-Based Oxygen Carriers such as Polyheme and Hemepure have been discontinued due to severe adverse reactions including death.",No|Yes,Bloodless surgery,https://en.wikipedia.org/wiki/Bloodless_surgery
190,"What is the current status of the Hemoglobin-Based Oxygen Carrier, Polyheme? ","Other methods of bleeding control in surgery include the use of blood substitutes, which at present do not carry oxygen but expand the volume of the blood to prevent shock. Blood substitutes which do carry oxygen, such as PolyHeme, are also under development.",Hemoglobin-Based Oxygen Carriers such as Polyheme and Hemepure have been discontinued due to severe adverse reactions including death.,Under development,Banned,Explicit,Different,"Other methods of bleeding control in surgery include the use of blood substitutes, which at present do not carry oxygen but expand the volume of the blood to prevent shock. Blood substitutes which do carry oxygen, such as PolyHeme, are also under development.
Hemoglobin-Based Oxygen Carriers such as Polyheme and Hemepure have been discontinued due to severe adverse reactions including death.",Under development|Banned,Bloodless surgery,https://en.wikipedia.org/wiki/Bloodless_surgery
193,Is Bombus Polaris exclusively an alpine species?,"Bombus polaris is part of the subgenus Alpinobombus along with Bombus alpinus, Bombus balteatus, Bombus hyperboreus, and Bombus neoboreus. Alpinobombus bees occur in arctic and high alpine regions.",Bombus polaris is an alpine species. They exclusively live at the summits of mountains.,No,Yes,Explicit,Different,"Bombus polaris is part of the subgenus Alpinobombus along with Bombus alpinus, Bombus balteatus, Bombus hyperboreus, and Bombus neoboreus. Alpinobombus bees occur in arctic and high alpine regions.
Bombus polaris is an alpine species. They exclusively live at the summits of mountains.",No|Yes,Bombus polaris,https://en.wikipedia.org/wiki/Bombus_polaris
192,Does Bombus Polaris live exclusively on mountain summits?,"Bombus polaris is part of the subgenus Alpinobombus along with Bombus alpinus, Bombus balteatus, Bombus hyperboreus, and Bombus neoboreus. Alpinobombus bees occur in arctic and high alpine regions.",Bombus polaris is an alpine species. They exclusively live at the summits of mountains.,No,Yes,Explicit,Different,"Bombus polaris is part of the subgenus Alpinobombus along with Bombus alpinus, Bombus balteatus, Bombus hyperboreus, and Bombus neoboreus. Alpinobombus bees occur in arctic and high alpine regions.
Bombus polaris is an alpine species. They exclusively live at the summits of mountains.",No|Yes,Bombus polaris,https://en.wikipedia.org/wiki/Bombus_polaris
195,Does the Bōsōzoku have a significant percentage (<15%) of members over the age of 20?,"In general, the Japanese government sees bōsōzoku as highly organized groups, affiliated under several national federations. They are known to be surprisingly well organized, despite generally only having a handful of members above the age of twenty.", It is estimated that around 25% of bōsōzoku are above the age of twenty.,No,Yes,Explicit,Different,"In general, the Japanese government sees bōsōzoku as highly organized groups, affiliated under several national federations. They are known to be surprisingly well organized, despite generally only having a handful of members above the age of twenty.
 It is estimated that around 25% of bōsōzoku are above the age of twenty.",No|Yes,Bōsōzoku,https://en.wikipedia.org/wiki/Bōsōzoku
194,Roughly how many members above the age of 20 do the Bōsōzoku have?,"In general, the Japanese government sees bōsōzoku as highly organized groups, affiliated under several national federations. They are known to be surprisingly well organized, despite generally only having a handful of members above the age of twenty.", It is estimated that around 25% of bōsōzoku are above the age of twenty.,a handful,25%,Explicit,Different,"In general, the Japanese government sees bōsōzoku as highly organized groups, affiliated under several national federations. They are known to be surprisingly well organized, despite generally only having a handful of members above the age of twenty.
 It is estimated that around 25% of bōsōzoku are above the age of twenty.",a handful|25%,Bōsōzoku,https://en.wikipedia.org/wiki/Bōsōzoku
197,Do Jamshedpur FC play their home games in JRD Tata Sports Complex Stadium?,Jamshedpur FC play their home games at JRD Tata Sports Complex Stadium.,Jamshedpur FC play their home games at Birsa Munda Football Stadium.,Yes,No,Explicit,Different,"Jamshedpur FC play their home games at JRD Tata Sports Complex Stadium.
Jamshedpur FC play their home games at Birsa Munda Football Stadium.",Yes|No,List of association football stadiums by country,https://en.wikipedia.org/wiki/List_of_association_football_stadiums_by_country
198,Do Jamshedpur FC play their home games in Birsa Munda Football Stadium?,Jamshedpur FC play their home games at JRD Tata Sports Complex Stadium.,Jamshedpur FC play their home games at Birsa Munda Football Stadium.,No,Yes,Explicit,Different,"Jamshedpur FC play their home games at JRD Tata Sports Complex Stadium.
Jamshedpur FC play their home games at Birsa Munda Football Stadium.",No|Yes,List of association football stadiums by country,https://en.wikipedia.org/wiki/List_of_association_football_stadiums_by_country
196,In which stadium do Jamshedpur FC play their home games?,Jamshedpur FC play their home games at JRD Tata Sports Complex Stadium.,Jamshedpur FC play their home games at Birsa Munda Football Stadium.,JRD Tata Sports Complex Stadium,Birsa Munda Football Stadium,Explicit,Different,"Jamshedpur FC play their home games at JRD Tata Sports Complex Stadium.
Jamshedpur FC play their home games at Birsa Munda Football Stadium.",JRD Tata Sports Complex Stadium|Birsa Munda Football Stadium,List of association football stadiums by country,https://en.wikipedia.org/wiki/List_of_association_football_stadiums_by_country
200,Was A Life on Film (book about Mary Astor's career) published in 1971?," In 1971, a second book was published, A Life on Film, where Mary Astor discussed her career.",A Life on Film was published in 1967.,Yes,No,Explicit,Different," In 1971, a second book was published, A Life on Film, where Mary Astor discussed her career.
A Life on Film was published in 1967.",Yes|No,Mary Astor,https://en.wikipedia.org/wiki/Mary_Astor
201,Was A Life on Film (book about Mary Astor's career) published in 1967?," In 1971, a second book was published, A Life on Film, where Mary Astor discussed her career.",A Life on Film was published in 1967.,No,Yes,Explicit,Different," In 1971, a second book was published, A Life on Film, where Mary Astor discussed her career.
A Life on Film was published in 1967.",No|Yes,Mary Astor,https://en.wikipedia.org/wiki/Mary_Astor
199,When was A Life on Film (book about Mary Astor's career) published?," In 1971, a second book was published, A Life on Film, where Mary Astor discussed her career.",A Life on Film was published in 1967.,1971,1967,Explicit,Different," In 1971, a second book was published, A Life on Film, where Mary Astor discussed her career.
A Life on Film was published in 1967.",1971|1967,Mary Astor,https://en.wikipedia.org/wiki/Mary_Astor
203,How many shillings was the ringleader of a violent protest against football games prosecution in 1659-1660 fined?,"A prosecution of football games between 1659-1660 triggered a violent protest and resulted in over 100 armed men breaking into the Mayor's house; the ringleader was later fined 10 pounds or 400 shillings, a very large sum of money at the time.","A prosecution of football games between 1659-1660 triggered a violent protest and resulted in over 100 armed men breaking into the Mayor's house; the ringleader was later fined 10 pounds or 400 shillings, a very large sum of money at the time.",200 shillings,400 shillings,Explicit,Same,"A prosecution of football games between 1659-1660 triggered a violent protest and resulted in over 100 armed men breaking into the Mayor's house; the ringleader was later fined 10 pounds or 400 shillings, a very large sum of money at the time.",200 shillings|400 shillings,Attempts to ban football games,https://en.wikipedia.org/wiki/Attempts_to_ban_football_games
204,Was the ringleader of a violent protest against football games prosecution in 1659-1660 fined 10 pounds?,"A prosecution of football games between 1659-1660 triggered a violent protest and resulted in over 100 armed men breaking into the Mayor's house; the ringleader was later fined 10 pounds or 400 shillings, a very large sum of money at the time.","A prosecution of football games between 1659-1660 triggered a violent protest and resulted in over 100 armed men breaking into the Mayor's house; the ringleader was later fined 10 pounds or 400 shillings, a very large sum of money at the time.",Yes,No,Explicit,Same,"A prosecution of football games between 1659-1660 triggered a violent protest and resulted in over 100 armed men breaking into the Mayor's house; the ringleader was later fined 10 pounds or 400 shillings, a very large sum of money at the time.",Yes|No,Attempts to ban football games,https://en.wikipedia.org/wiki/Attempts_to_ban_football_games
205,Was the ringleader of a violent protest against football games prosecution in 1659-1660 fined 400 shillings?,"A prosecution of football games between 1659-1660 triggered a violent protest and resulted in over 100 armed men breaking into the Mayor's house; the ringleader was later fined 10 pounds or 400 shillings, a very large sum of money at the time.","A prosecution of football games between 1659-1660 triggered a violent protest and resulted in over 100 armed men breaking into the Mayor's house; the ringleader was later fined 10 pounds or 400 shillings, a very large sum of money at the time.",No,Yes,Explicit,Same,"A prosecution of football games between 1659-1660 triggered a violent protest and resulted in over 100 armed men breaking into the Mayor's house; the ringleader was later fined 10 pounds or 400 shillings, a very large sum of money at the time.",No|Yes,Attempts to ban football games,https://en.wikipedia.org/wiki/Attempts_to_ban_football_games
202,How many pounds was the ringleader of a violent protest against football games prosecution in 1659-1660 fined?,"A prosecution of football games between 1659-1660 triggered a violent protest and resulted in over 100 armed men breaking into the Mayor's house; the ringleader was later fined 10 pounds or 400 shillings, a very large sum of money at the time.","A prosecution of football games between 1659-1660 triggered a violent protest and resulted in over 100 armed men breaking into the Mayor's house; the ringleader was later fined 10 pounds or 400 shillings, a very large sum of money at the time.",10 pounds,20 pounds,Explicit,Same,"A prosecution of football games between 1659-1660 triggered a violent protest and resulted in over 100 armed men breaking into the Mayor's house; the ringleader was later fined 10 pounds or 400 shillings, a very large sum of money at the time.",10 pounds|20 pounds,Attempts to ban football games,https://en.wikipedia.org/wiki/Attempts_to_ban_football_games
207,Is the color of the flowers of ayapana triplinervis pale pink?,"The flowers of ayapana triplinervis are pale pink and the thin, hairless stem is reddish in color.",The flowers of ayapana triplinervis are slaty blue.,Yes,No,Explicit,Different,"The flowers of ayapana triplinervis are pale pink and the thin, hairless stem is reddish in color.
The flowers of ayapana triplinervis are slaty blue.",Yes|No,Ayapana triplinervis,https://en.wikipedia.org/wiki/Ayapana_triplinervis
208,Is the color of the flowers of ayapana triplinervis slaty blue?,"The flowers of ayapana triplinervis are pale pink and the thin, hairless stem is reddish in color.",The flowers of ayapana triplinervis are slaty blue.,No,Yes,Explicit,Different,"The flowers of ayapana triplinervis are pale pink and the thin, hairless stem is reddish in color.
The flowers of ayapana triplinervis are slaty blue.",No|Yes,Ayapana triplinervis,https://en.wikipedia.org/wiki/Ayapana_triplinervis
206,What is the color of the flowers of ayapana triplinervis?,"The flowers of ayapana triplinervis are pale pink and the thin, hairless stem is reddish in color.",The flowers of ayapana triplinervis are slaty blue.,pale pink,slaty blue,Explicit,Different,"The flowers of ayapana triplinervis are pale pink and the thin, hairless stem is reddish in color.
The flowers of ayapana triplinervis are slaty blue.",pale pink|slaty blue,Ayapana triplinervis,https://en.wikipedia.org/wiki/Ayapana_triplinervis
210,"Can the Aztec mastiff bat be found in Nicaragua, Guatemala, or southern Venezuela?",Aztec mastiff bat is found from Jalisco and Cozumel Island in southern Mexico to Nicaragua and has been reported from Guatemala but not from El Salvador or Honduras. It has also been reported from southern Venezuela. It is endemic to Mexico.,Aztec mastiff bat is found from Jalisco and Cozumel Island in southern Mexico to Nicaragua and has been reported from Guatemala but not from El Salvador or Honduras. It has also been reported from southern Venezuela. It is endemic to Mexico.,Yes,No,Explicit,Same,Aztec mastiff bat is found from Jalisco and Cozumel Island in southern Mexico to Nicaragua and has been reported from Guatemala but not from El Salvador or Honduras. It has also been reported from southern Venezuela. It is endemic to Mexico.,Yes|No,Aztec mastiff bat,https://en.wikipedia.org/wiki/Aztec_mastiff_bat
211,Can the Aztec mastiff bat be found in Nicaragua?,Aztec mastiff bat is found from Jalisco and Cozumel Island in southern Mexico to Nicaragua and has been reported from Guatemala but not from El Salvador or Honduras. It has also been reported from southern Venezuela. It is endemic to Mexico.,Aztec mastiff bat is found from Jalisco and Cozumel Island in southern Mexico to Nicaragua and has been reported from Guatemala but not from El Salvador or Honduras. It has also been reported from southern Venezuela. It is endemic to Mexico.,Yes,No,Explicit,Same,Aztec mastiff bat is found from Jalisco and Cozumel Island in southern Mexico to Nicaragua and has been reported from Guatemala but not from El Salvador or Honduras. It has also been reported from southern Venezuela. It is endemic to Mexico.,Yes|No,Aztec mastiff bat,https://en.wikipedia.org/wiki/Aztec_mastiff_bat
212,Can the Aztec mastiff bat be found Guatemala?,Aztec mastiff bat is found from Jalisco and Cozumel Island in southern Mexico to Nicaragua and has been reported from Guatemala but not from El Salvador or Honduras. It has also been reported from southern Venezuela. It is endemic to Mexico.,Aztec mastiff bat is found from Jalisco and Cozumel Island in southern Mexico to Nicaragua and has been reported from Guatemala but not from El Salvador or Honduras. It has also been reported from southern Venezuela. It is endemic to Mexico.,Yes,No,Explicit,Same,Aztec mastiff bat is found from Jalisco and Cozumel Island in southern Mexico to Nicaragua and has been reported from Guatemala but not from El Salvador or Honduras. It has also been reported from southern Venezuela. It is endemic to Mexico.,Yes|No,Aztec mastiff bat,https://en.wikipedia.org/wiki/Aztec_mastiff_bat
213,Can the Aztec mastiff bat be found in southern Venezuela?,Aztec mastiff bat is found from Jalisco and Cozumel Island in southern Mexico to Nicaragua and has been reported from Guatemala but not from El Salvador or Honduras. It has also been reported from southern Venezuela. It is endemic to Mexico.,Aztec mastiff bat is found from Jalisco and Cozumel Island in southern Mexico to Nicaragua and has been reported from Guatemala but not from El Salvador or Honduras. It has also been reported from southern Venezuela. It is endemic to Mexico.,Yes,No,Explicit,Same,Aztec mastiff bat is found from Jalisco and Cozumel Island in southern Mexico to Nicaragua and has been reported from Guatemala but not from El Salvador or Honduras. It has also been reported from southern Venezuela. It is endemic to Mexico.,Yes|No,Aztec mastiff bat,https://en.wikipedia.org/wiki/Aztec_mastiff_bat
214,Can the Aztec mastiff bat be found in Nicaragua or Guatemala?,Aztec mastiff bat is found from Jalisco and Cozumel Island in southern Mexico to Nicaragua and has been reported from Guatemala but not from El Salvador or Honduras. It has also been reported from southern Venezuela. It is endemic to Mexico.,Aztec mastiff bat is found from Jalisco and Cozumel Island in southern Mexico to Nicaragua and has been reported from Guatemala but not from El Salvador or Honduras. It has also been reported from southern Venezuela. It is endemic to Mexico.,Yes,No,Explicit,Same,Aztec mastiff bat is found from Jalisco and Cozumel Island in southern Mexico to Nicaragua and has been reported from Guatemala but not from El Salvador or Honduras. It has also been reported from southern Venezuela. It is endemic to Mexico.,Yes|No,Aztec mastiff bat,https://en.wikipedia.org/wiki/Aztec_mastiff_bat
215,Can the Aztec mastiff bat be found in Nicaragua or southern Venezuela?,Aztec mastiff bat is found from Jalisco and Cozumel Island in southern Mexico to Nicaragua and has been reported from Guatemala but not from El Salvador or Honduras. It has also been reported from southern Venezuela. It is endemic to Mexico.,Aztec mastiff bat is found from Jalisco and Cozumel Island in southern Mexico to Nicaragua and has been reported from Guatemala but not from El Salvador or Honduras. It has also been reported from southern Venezuela. It is endemic to Mexico.,Yes,No,Explicit,Same,Aztec mastiff bat is found from Jalisco and Cozumel Island in southern Mexico to Nicaragua and has been reported from Guatemala but not from El Salvador or Honduras. It has also been reported from southern Venezuela. It is endemic to Mexico.,Yes|No,Aztec mastiff bat,https://en.wikipedia.org/wiki/Aztec_mastiff_bat
216,Can the Aztec mastiff bat be found in Guatemala or southern Venezuela?,Aztec mastiff bat is found from Jalisco and Cozumel Island in southern Mexico to Nicaragua and has been reported from Guatemala but not from El Salvador or Honduras. It has also been reported from southern Venezuela. It is endemic to Mexico.,Aztec mastiff bat is found from Jalisco and Cozumel Island in southern Mexico to Nicaragua and has been reported from Guatemala but not from El Salvador or Honduras. It has also been reported from southern Venezuela. It is endemic to Mexico.,Yes,No,Explicit,Same,Aztec mastiff bat is found from Jalisco and Cozumel Island in southern Mexico to Nicaragua and has been reported from Guatemala but not from El Salvador or Honduras. It has also been reported from southern Venezuela. It is endemic to Mexico.,Yes|No,Aztec mastiff bat,https://en.wikipedia.org/wiki/Aztec_mastiff_bat
209,Is the Aztec mastiff bat only found in Mexico?,Aztec mastiff bat is found from Jalisco and Cozumel Island in southern Mexico to Nicaragua and has been reported from Guatemala but not from El Salvador or Honduras. It has also been reported from southern Venezuela. It is endemic to Mexico.,Aztec mastiff bat is found from Jalisco and Cozumel Island in southern Mexico to Nicaragua and has been reported from Guatemala but not from El Salvador or Honduras. It has also been reported from southern Venezuela. It is endemic to Mexico.,No,Yes,Explicit,Same,Aztec mastiff bat is found from Jalisco and Cozumel Island in southern Mexico to Nicaragua and has been reported from Guatemala but not from El Salvador or Honduras. It has also been reported from southern Venezuela. It is endemic to Mexico.,No|Yes,Aztec mastiff bat,https://en.wikipedia.org/wiki/Aztec_mastiff_bat
218,Is the word Elemi of Greek origin?,"The word Elemi, like the older term animi, appears to have been derived from enhaemon (ἔναιμον): the name of a styptic medicine said by Pliny to contain tears exuded by the olive tree of Arabia.","The name Elemi is derived from an Arabic phrase meaning 'above and below', an abbreviation of 'As above, so below' and this tells us something about its action on the emotional and spiritual planes.",Yes,No,Explicit,Different,"The word Elemi, like the older term animi, appears to have been derived from enhaemon (ἔναιμον): the name of a styptic medicine said by Pliny to contain tears exuded by the olive tree of Arabia.
The name Elemi is derived from an Arabic phrase meaning 'above and below', an abbreviation of 'As above, so below' and this tells us something about its action on the emotional and spiritual planes.",Yes|No,Canarium luzonicum,https://en.wikipedia.org/wiki/Canarium_luzonicum
219,Is the word Elemi of Arabic origin?,"The word Elemi, like the older term animi, appears to have been derived from enhaemon (ἔναιμον): the name of a styptic medicine said by Pliny to contain tears exuded by the olive tree of Arabia.","The name Elemi is derived from an Arabic phrase meaning 'above and below', an abbreviation of 'As above, so below' and this tells us something about its action on the emotional and spiritual planes.",No,Yes,Explicit,Different,"The word Elemi, like the older term animi, appears to have been derived from enhaemon (ἔναιμον): the name of a styptic medicine said by Pliny to contain tears exuded by the olive tree of Arabia.
The name Elemi is derived from an Arabic phrase meaning 'above and below', an abbreviation of 'As above, so below' and this tells us something about its action on the emotional and spiritual planes.",No|Yes,Canarium luzonicum,https://en.wikipedia.org/wiki/Canarium_luzonicum
220,Of what linguistic origin is the word Elemi?,"The word Elemi, like the older term animi, appears to have been derived from enhaemon (ἔναιμον): the name of a styptic medicine said by Pliny to contain tears exuded by the olive tree of Arabia.","The name Elemi is derived from an Arabic phrase meaning 'above and below', an abbreviation of 'As above, so below' and this tells us something about its action on the emotional and spiritual planes.",Greek,Arabic,Explicit,Different,"The word Elemi, like the older term animi, appears to have been derived from enhaemon (ἔναιμον): the name of a styptic medicine said by Pliny to contain tears exuded by the olive tree of Arabia.
The name Elemi is derived from an Arabic phrase meaning 'above and below', an abbreviation of 'As above, so below' and this tells us something about its action on the emotional and spiritual planes.",Greek|Arabic,Canarium luzonicum,https://en.wikipedia.org/wiki/Canarium_luzonicum
217,What is the etymology of the word Elemi?,"The word Elemi, like the older term animi, appears to have been derived from enhaemon (ἔναιμον): the name of a styptic medicine said by Pliny to contain tears exuded by the olive tree of Arabia.","The name Elemi is derived from an Arabic phrase meaning 'above and below', an abbreviation of 'As above, so below' and this tells us something about its action on the emotional and spiritual planes.",It is derived from enhaemon (ἔναιμον), It is derived from an Arabic phrase meaning 'above and below',Explicit,Different,"The word Elemi, like the older term animi, appears to have been derived from enhaemon (ἔναιμον): the name of a styptic medicine said by Pliny to contain tears exuded by the olive tree of Arabia.
The name Elemi is derived from an Arabic phrase meaning 'above and below', an abbreviation of 'As above, so below' and this tells us something about its action on the emotional and spiritual planes.",It is derived from enhaemon (ἔναιμον)| It is derived from an Arabic phrase meaning 'above and below',Canarium luzonicum,https://en.wikipedia.org/wiki/Canarium_luzonicum
222,Was the site of the Carandiru massacre an actual penitentiary?,"The Carandiru massacre (Portuguese: Massacre do Carandiru, Portuguese: [mɐˈsakɾi du kɐɾɐ̃dʒiˈɾu]) occurred on 2 October 1992, in Carandiru Penitentiary in São Paulo, Brazil, when military police stormed the penitentiary following a prison riot. ","The facility at which the Carandiru massacre took place was a detention center, not a penitentiary, meaning that the inmates had not yet been tried or convicted.",Yes,No,Explicit,Different,"The Carandiru massacre (Portuguese: Massacre do Carandiru, Portuguese: [mɐˈsakɾi du kɐɾɐ̃dʒiˈɾu]) occurred on 2 October 1992, in Carandiru Penitentiary in São Paulo, Brazil, when military police stormed the penitentiary following a prison riot. 
The facility at which the Carandiru massacre took place was a detention center, not a penitentiary, meaning that the inmates had not yet been tried or convicted.",Yes|No,Carandiru massacre,https://en.wikipedia.org/wiki/Carandiru_massacre
223,Was the site of the Carandiru massacre a penitentiary or a detention center?,"The Carandiru massacre (Portuguese: Massacre do Carandiru, Portuguese: [mɐˈsakɾi du kɐɾɐ̃dʒiˈɾu]) occurred on 2 October 1992, in Carandiru Penitentiary in São Paulo, Brazil, when military police stormed the penitentiary following a prison riot. ","The facility at which the Carandiru massacre took place was a detention center, not a penitentiary, meaning that the inmates had not yet been tried or convicted.",Penitentiary,Detention center,Explicit,Different,"The Carandiru massacre (Portuguese: Massacre do Carandiru, Portuguese: [mɐˈsakɾi du kɐɾɐ̃dʒiˈɾu]) occurred on 2 October 1992, in Carandiru Penitentiary in São Paulo, Brazil, when military police stormed the penitentiary following a prison riot. 
The facility at which the Carandiru massacre took place was a detention center, not a penitentiary, meaning that the inmates had not yet been tried or convicted.",Penitentiary|Detention center,Carandiru massacre,https://en.wikipedia.org/wiki/Carandiru_massacre
221,At what sort of facility did the Carandiru massacre take place?,"The Carandiru massacre (Portuguese: Massacre do Carandiru, Portuguese: [mɐˈsakɾi du kɐɾɐ̃dʒiˈɾu]) occurred on 2 October 1992, in Carandiru Penitentiary in São Paulo, Brazil, when military police stormed the penitentiary following a prison riot. ","The facility at which the Carandiru massacre took place was a detention center, not a penitentiary, meaning that the inmates had not yet been tried or convicted.",A penitentiary/prison,A detention center,Explicit,Different,"The Carandiru massacre (Portuguese: Massacre do Carandiru, Portuguese: [mɐˈsakɾi du kɐɾɐ̃dʒiˈɾu]) occurred on 2 October 1992, in Carandiru Penitentiary in São Paulo, Brazil, when military police stormed the penitentiary following a prison riot. 
The facility at which the Carandiru massacre took place was a detention center, not a penitentiary, meaning that the inmates had not yet been tried or convicted.",A penitentiary/prison|A detention center,Carandiru massacre,https://en.wikipedia.org/wiki/Carandiru_massacre
225,Is Castle Donington considered to be a town or a village?,"Castle Donington is a market town and civil parish in Leicestershire, England, on the edge of the National Forest and close to East Midlands Airport.","Castle Donington has three primary schools, St Edwards, Foxbridge, and Orchard, the latter serving the majority of the children of the town. Castle Donington College, which welcomed KS4 for the first time in 2017, takes students from ages 11–16 and is the village's only secondary school.",A town,A village,Explicit,Different,"Castle Donington is a market town and civil parish in Leicestershire, England, on the edge of the National Forest and close to East Midlands Airport.
Castle Donington has three primary schools, St Edwards, Foxbridge, and Orchard, the latter serving the majority of the children of the town. Castle Donington College, which welcomed KS4 for the first time in 2017, takes students from ages 11–16 and is the village's only secondary school.",A town|A village,Castle Donington,https://en.wikipedia.org/wiki/Castle_Donington
226,Is Castle Donington considered a town?,"Castle Donington is a market town and civil parish in Leicestershire, England, on the edge of the National Forest and close to East Midlands Airport.","Castle Donington has three primary schools, St Edwards, Foxbridge, and Orchard, the latter serving the majority of the children of the town. Castle Donington College, which welcomed KS4 for the first time in 2017, takes students from ages 11–16 and is the village's only secondary school.",Yes,No,Explicit,Different,"Castle Donington is a market town and civil parish in Leicestershire, England, on the edge of the National Forest and close to East Midlands Airport.
Castle Donington has three primary schools, St Edwards, Foxbridge, and Orchard, the latter serving the majority of the children of the town. Castle Donington College, which welcomed KS4 for the first time in 2017, takes students from ages 11–16 and is the village's only secondary school.",Yes|No,Castle Donington,https://en.wikipedia.org/wiki/Castle_Donington
227,Is Castle Donington considered a village?,"Castle Donington is a market town and civil parish in Leicestershire, England, on the edge of the National Forest and close to East Midlands Airport.","Castle Donington has three primary schools, St Edwards, Foxbridge, and Orchard, the latter serving the majority of the children of the town. Castle Donington College, which welcomed KS4 for the first time in 2017, takes students from ages 11–16 and is the village's only secondary school.",No,Yes,Explicit,Different,"Castle Donington is a market town and civil parish in Leicestershire, England, on the edge of the National Forest and close to East Midlands Airport.
Castle Donington has three primary schools, St Edwards, Foxbridge, and Orchard, the latter serving the majority of the children of the town. Castle Donington College, which welcomed KS4 for the first time in 2017, takes students from ages 11–16 and is the village's only secondary school.",No|Yes,Castle Donington,https://en.wikipedia.org/wiki/Castle_Donington
224,What is Castle Donington?,"Castle Donington is a market town and civil parish in Leicestershire, England, on the edge of the National Forest and close to East Midlands Airport.","Castle Donington has three primary schools, St Edwards, Foxbridge, and Orchard, the latter serving the majority of the children of the town. Castle Donington College, which welcomed KS4 for the first time in 2017, takes students from ages 11–16 and is the village's only secondary school.","A town, market town or civil parish",A village,Explicit,Different,"Castle Donington is a market town and civil parish in Leicestershire, England, on the edge of the National Forest and close to East Midlands Airport.
Castle Donington has three primary schools, St Edwards, Foxbridge, and Orchard, the latter serving the majority of the children of the town. Castle Donington College, which welcomed KS4 for the first time in 2017, takes students from ages 11–16 and is the village's only secondary school.","A town, market town or civil parish|A village",Castle Donington,https://en.wikipedia.org/wiki/Castle_Donington
229,Was the total distance of the 1920 Volta a Catalunya less than 615 km (382 mi)?,"Stage,	Date,	Course,	Distance,	Winner | 1 (A),	24 September,	Barcelona to Olot,	157 km (98 mi),	 José Pelletier (FRA) | 1 (A),	24 September,	Olot to Tona,	83 km (52 mi),	 José Pelletier (FRA) | 2,	25 September,	Tona to Lleida,	181 km (112 mi),	 José Pelletier (FRA) | 3 (A),	26 September,	Lleida to Tarragona,	91 km (57 mi),	 José Pelletier (FRA) | 3 (B),	26 September,	Tarragona to Barcelona,	95 km (59 mi),	 José Nat (FRA) || Total distance of 1920 Volta a Catalunya:	607 km (377 mi)","1920 Volta a Catalunya Race details: Dates:	24–26 September 1920,  Stages:	3,  Distance:	630km (391.5 mi),  Winning time:	23h 55' 16"",  Results:  	Winner	 José Pelletier (FRA)  	Second	 José Nat (FRA)  	Third	 Jaume Janer (ESP)",Yes,No,Explicit,Different,"Stage,	Date,	Course,	Distance,	Winner | 1 (A),	24 September,	Barcelona to Olot,	157 km (98 mi),	 José Pelletier (FRA) | 1 (A),	24 September,	Olot to Tona,	83 km (52 mi),	 José Pelletier (FRA) | 2,	25 September,	Tona to Lleida,	181 km (112 mi),	 José Pelletier (FRA) | 3 (A),	26 September,	Lleida to Tarragona,	91 km (57 mi),	 José Pelletier (FRA) | 3 (B),	26 September,	Tarragona to Barcelona,	95 km (59 mi),	 José Nat (FRA) || Total distance of 1920 Volta a Catalunya:	607 km (377 mi)
1920 Volta a Catalunya Race details: Dates:	24–26 September 1920,  Stages:	3,  Distance:	630km (391.5 mi),  Winning time:	23h 55' 16"",  Results:  	Winner	 José Pelletier (FRA)  	Second	 José Nat (FRA)  	Third	 Jaume Janer (ESP)",Yes|No,1920 Volta a Catalunya,https://en.wikipedia.org/wiki/1920_Volta_a_Catalunya
230,Was the total distance of the 1920 Volta a Catalunya greater than 615 km (382 mi)?,"Stage,	Date,	Course,	Distance,	Winner | 1 (A),	24 September,	Barcelona to Olot,	157 km (98 mi),	 José Pelletier (FRA) | 1 (A),	24 September,	Olot to Tona,	83 km (52 mi),	 José Pelletier (FRA) | 2,	25 September,	Tona to Lleida,	181 km (112 mi),	 José Pelletier (FRA) | 3 (A),	26 September,	Lleida to Tarragona,	91 km (57 mi),	 José Pelletier (FRA) | 3 (B),	26 September,	Tarragona to Barcelona,	95 km (59 mi),	 José Nat (FRA) || Total distance of 1920 Volta a Catalunya:	607 km (377 mi)","1920 Volta a Catalunya Race details: Dates:	24–26 September 1920,  Stages:	3,  Distance:	630km (391.5 mi),  Winning time:	23h 55' 16"",  Results:  	Winner	 José Pelletier (FRA)  	Second	 José Nat (FRA)  	Third	 Jaume Janer (ESP)",No,Yes,Explicit,Different,"Stage,	Date,	Course,	Distance,	Winner | 1 (A),	24 September,	Barcelona to Olot,	157 km (98 mi),	 José Pelletier (FRA) | 1 (A),	24 September,	Olot to Tona,	83 km (52 mi),	 José Pelletier (FRA) | 2,	25 September,	Tona to Lleida,	181 km (112 mi),	 José Pelletier (FRA) | 3 (A),	26 September,	Lleida to Tarragona,	91 km (57 mi),	 José Pelletier (FRA) | 3 (B),	26 September,	Tarragona to Barcelona,	95 km (59 mi),	 José Nat (FRA) || Total distance of 1920 Volta a Catalunya:	607 km (377 mi)
1920 Volta a Catalunya Race details: Dates:	24–26 September 1920,  Stages:	3,  Distance:	630km (391.5 mi),  Winning time:	23h 55' 16"",  Results:  	Winner	 José Pelletier (FRA)  	Second	 José Nat (FRA)  	Third	 Jaume Janer (ESP)",No|Yes,1920 Volta a Catalunya,https://en.wikipedia.org/wiki/1920_Volta_a_Catalunya
228,What was the total distance of the 1920 Volta a Catalunya?,"Stage,	Date,	Course,	Distance,	Winner | 1 (A),	24 September,	Barcelona to Olot,	157 km (98 mi),	 José Pelletier (FRA) | 1 (A),	24 September,	Olot to Tona,	83 km (52 mi),	 José Pelletier (FRA) | 2,	25 September,	Tona to Lleida,	181 km (112 mi),	 José Pelletier (FRA) | 3 (A),	26 September,	Lleida to Tarragona,	91 km (57 mi),	 José Pelletier (FRA) | 3 (B),	26 September,	Tarragona to Barcelona,	95 km (59 mi),	 José Nat (FRA) || Total distance of 1920 Volta a Catalunya:	607 km (377 mi)","1920 Volta a Catalunya Race details: Dates:	24–26 September 1920,  Stages:	3,  Distance:	630km (391.5 mi),  Winning time:	23h 55' 16"",  Results:  	Winner	 José Pelletier (FRA)  	Second	 José Nat (FRA)  	Third	 Jaume Janer (ESP)",607 km (377 mi),630 km (391.5 mi),Explicit,Different,"Stage,	Date,	Course,	Distance,	Winner | 1 (A),	24 September,	Barcelona to Olot,	157 km (98 mi),	 José Pelletier (FRA) | 1 (A),	24 September,	Olot to Tona,	83 km (52 mi),	 José Pelletier (FRA) | 2,	25 September,	Tona to Lleida,	181 km (112 mi),	 José Pelletier (FRA) | 3 (A),	26 September,	Lleida to Tarragona,	91 km (57 mi),	 José Pelletier (FRA) | 3 (B),	26 September,	Tarragona to Barcelona,	95 km (59 mi),	 José Nat (FRA) || Total distance of 1920 Volta a Catalunya:	607 km (377 mi)
1920 Volta a Catalunya Race details: Dates:	24–26 September 1920,  Stages:	3,  Distance:	630km (391.5 mi),  Winning time:	23h 55' 16"",  Results:  	Winner	 José Pelletier (FRA)  	Second	 José Nat (FRA)  	Third	 Jaume Janer (ESP)",607 km (377 mi)|630 km (391.5 mi),1920 Volta a Catalunya,https://en.wikipedia.org/wiki/1920_Volta_a_Catalunya
232,Was the total distance of the 1927 Volta a Catalunya less than 1337 km (831 mi)?,"Stage,	Date,	Course,	Distance,	Winner | 1,	28 August,	Barcelona to Tortosa,	213 km (132 mi),	 Maurice Ville (FRA) | 2,	29 August,	Tortosa to Reus,	204 km (127 mi),	 Ferdinand Le Drogo (FRA) | 3,	30 August,	Reus to Igualada,	189 km (117 mi),	 Victor Fontan (FRA) | 4,	31 August,	Igualada to Vic,	191 km (119 mi),	 Georges Cuvelier (FRA) | 5,	1 September,	Vic to Banyoles,	122 km (76 mi),	 Georges Cuvelier (FRA) | 6,	2 September,	Banyoles to Sant Feliu de Guíxols,	163 km (101 mi),	 Ferdinand Le Drogo (FRA) | 7,	3 September,	Sant Feliu de Guíxols to Caldes d'Estrac,	121 km (75 mi),	 Georges Cuvelier (FRA) | 8,	4 September,	Caldes d'Estrac to Barcelona,	130 km (81 mi),	 Victor Fontan (FRA) | Total distance of 1927 Volta a Catalunya:	1,333 km (828 mi)","1927 Volta a Catalunya Race details Dates:	28 August–4 September 1927 Stages:	8 Distance:	1,342[1] km (833.9 mi) Winning time:	51h 03' 34"" Results:  	Winner	 Victor Fontan (FRA)  	Second	 Mariano Cañardo (ESP)  	Third	 Georges Cuvelier (FRA)",Yes,No,Explicit,Different,"Stage,	Date,	Course,	Distance,	Winner | 1,	28 August,	Barcelona to Tortosa,	213 km (132 mi),	 Maurice Ville (FRA) | 2,	29 August,	Tortosa to Reus,	204 km (127 mi),	 Ferdinand Le Drogo (FRA) | 3,	30 August,	Reus to Igualada,	189 km (117 mi),	 Victor Fontan (FRA) | 4,	31 August,	Igualada to Vic,	191 km (119 mi),	 Georges Cuvelier (FRA) | 5,	1 September,	Vic to Banyoles,	122 km (76 mi),	 Georges Cuvelier (FRA) | 6,	2 September,	Banyoles to Sant Feliu de Guíxols,	163 km (101 mi),	 Ferdinand Le Drogo (FRA) | 7,	3 September,	Sant Feliu de Guíxols to Caldes d'Estrac,	121 km (75 mi),	 Georges Cuvelier (FRA) | 8,	4 September,	Caldes d'Estrac to Barcelona,	130 km (81 mi),	 Victor Fontan (FRA) | Total distance of 1927 Volta a Catalunya:	1,333 km (828 mi)
1927 Volta a Catalunya Race details Dates:	28 August–4 September 1927 Stages:	8 Distance:	1,342[1] km (833.9 mi) Winning time:	51h 03' 34"" Results:  	Winner	 Victor Fontan (FRA)  	Second	 Mariano Cañardo (ESP)  	Third	 Georges Cuvelier (FRA)",Yes|No,1927 Volta a Catalunya,https://en.wikipedia.org/wiki/1927_Volta_a_Catalunya
233,Was the total distance of the 1927 Volta a Catalunya greater than 1337 km (831 mi)?,"Stage,	Date,	Course,	Distance,	Winner | 1,	28 August,	Barcelona to Tortosa,	213 km (132 mi),	 Maurice Ville (FRA) | 2,	29 August,	Tortosa to Reus,	204 km (127 mi),	 Ferdinand Le Drogo (FRA) | 3,	30 August,	Reus to Igualada,	189 km (117 mi),	 Victor Fontan (FRA) | 4,	31 August,	Igualada to Vic,	191 km (119 mi),	 Georges Cuvelier (FRA) | 5,	1 September,	Vic to Banyoles,	122 km (76 mi),	 Georges Cuvelier (FRA) | 6,	2 September,	Banyoles to Sant Feliu de Guíxols,	163 km (101 mi),	 Ferdinand Le Drogo (FRA) | 7,	3 September,	Sant Feliu de Guíxols to Caldes d'Estrac,	121 km (75 mi),	 Georges Cuvelier (FRA) | 8,	4 September,	Caldes d'Estrac to Barcelona,	130 km (81 mi),	 Victor Fontan (FRA) | Total distance of 1927 Volta a Catalunya:	1,333 km (828 mi)","1927 Volta a Catalunya Race details Dates:	28 August–4 September 1927 Stages:	8 Distance:	1,342[1] km (833.9 mi) Winning time:	51h 03' 34"" Results:  	Winner	 Victor Fontan (FRA)  	Second	 Mariano Cañardo (ESP)  	Third	 Georges Cuvelier (FRA)",No,Yes,Explicit,Different,"Stage,	Date,	Course,	Distance,	Winner | 1,	28 August,	Barcelona to Tortosa,	213 km (132 mi),	 Maurice Ville (FRA) | 2,	29 August,	Tortosa to Reus,	204 km (127 mi),	 Ferdinand Le Drogo (FRA) | 3,	30 August,	Reus to Igualada,	189 km (117 mi),	 Victor Fontan (FRA) | 4,	31 August,	Igualada to Vic,	191 km (119 mi),	 Georges Cuvelier (FRA) | 5,	1 September,	Vic to Banyoles,	122 km (76 mi),	 Georges Cuvelier (FRA) | 6,	2 September,	Banyoles to Sant Feliu de Guíxols,	163 km (101 mi),	 Ferdinand Le Drogo (FRA) | 7,	3 September,	Sant Feliu de Guíxols to Caldes d'Estrac,	121 km (75 mi),	 Georges Cuvelier (FRA) | 8,	4 September,	Caldes d'Estrac to Barcelona,	130 km (81 mi),	 Victor Fontan (FRA) | Total distance of 1927 Volta a Catalunya:	1,333 km (828 mi)
1927 Volta a Catalunya Race details Dates:	28 August–4 September 1927 Stages:	8 Distance:	1,342[1] km (833.9 mi) Winning time:	51h 03' 34"" Results:  	Winner	 Victor Fontan (FRA)  	Second	 Mariano Cañardo (ESP)  	Third	 Georges Cuvelier (FRA)",No|Yes,1927 Volta a Catalunya,https://en.wikipedia.org/wiki/1927_Volta_a_Catalunya
231,What was the total distance of the 1927 Volta a Catalunya?,"Stage,	Date,	Course,	Distance,	Winner | 1,	28 August,	Barcelona to Tortosa,	213 km (132 mi),	 Maurice Ville (FRA) | 2,	29 August,	Tortosa to Reus,	204 km (127 mi),	 Ferdinand Le Drogo (FRA) | 3,	30 August,	Reus to Igualada,	189 km (117 mi),	 Victor Fontan (FRA) | 4,	31 August,	Igualada to Vic,	191 km (119 mi),	 Georges Cuvelier (FRA) | 5,	1 September,	Vic to Banyoles,	122 km (76 mi),	 Georges Cuvelier (FRA) | 6,	2 September,	Banyoles to Sant Feliu de Guíxols,	163 km (101 mi),	 Ferdinand Le Drogo (FRA) | 7,	3 September,	Sant Feliu de Guíxols to Caldes d'Estrac,	121 km (75 mi),	 Georges Cuvelier (FRA) | 8,	4 September,	Caldes d'Estrac to Barcelona,	130 km (81 mi),	 Victor Fontan (FRA) | Total distance of 1927 Volta a Catalunya:	1,333 km (828 mi)","1927 Volta a Catalunya Race details Dates:	28 August–4 September 1927 Stages:	8 Distance:	1,342[1] km (833.9 mi) Winning time:	51h 03' 34"" Results:  	Winner	 Victor Fontan (FRA)  	Second	 Mariano Cañardo (ESP)  	Third	 Georges Cuvelier (FRA)","1,333 km (828 mi)","1,342 km (833.9 mi)",Explicit,Different,"Stage,	Date,	Course,	Distance,	Winner | 1,	28 August,	Barcelona to Tortosa,	213 km (132 mi),	 Maurice Ville (FRA) | 2,	29 August,	Tortosa to Reus,	204 km (127 mi),	 Ferdinand Le Drogo (FRA) | 3,	30 August,	Reus to Igualada,	189 km (117 mi),	 Victor Fontan (FRA) | 4,	31 August,	Igualada to Vic,	191 km (119 mi),	 Georges Cuvelier (FRA) | 5,	1 September,	Vic to Banyoles,	122 km (76 mi),	 Georges Cuvelier (FRA) | 6,	2 September,	Banyoles to Sant Feliu de Guíxols,	163 km (101 mi),	 Ferdinand Le Drogo (FRA) | 7,	3 September,	Sant Feliu de Guíxols to Caldes d'Estrac,	121 km (75 mi),	 Georges Cuvelier (FRA) | 8,	4 September,	Caldes d'Estrac to Barcelona,	130 km (81 mi),	 Victor Fontan (FRA) | Total distance of 1927 Volta a Catalunya:	1,333 km (828 mi)
1927 Volta a Catalunya Race details Dates:	28 August–4 September 1927 Stages:	8 Distance:	1,342[1] km (833.9 mi) Winning time:	51h 03' 34"" Results:  	Winner	 Victor Fontan (FRA)  	Second	 Mariano Cañardo (ESP)  	Third	 Georges Cuvelier (FRA)","1,333 km (828 mi)|1,342 km (833.9 mi)",1927 Volta a Catalunya,https://en.wikipedia.org/wiki/1927_Volta_a_Catalunya
235,Did the Spanish Empire have 59 deads in the Battle of Martín García?,"In the first and bloodiest day (10th March 1814) of the Combate of Martín García, Jacinto de Romarate (frigate captain of Spanish royalist forces) successfully repelled the enemy's (forces of the United Provinces of the Río de la Plata) attack. They had 45 dead and 50 wounded. At 5:00 pm on 11th March 1814, Jacinto de Romarate sent a note to the commander of the Montevideo garrison Miguel de la Sierra (Spanish royalist), informing he had few casualties, four dead and seven wounded, he had disembarked on the island and judged that, given the losses suffered, as soon as the patriot fleet was in condition it would retreat to Buenos Aires. On 15th March 1814, the royalists had 10 dead, 7 wounded and 50 prisoners.","The Spanish Empire had 10 dead, 47 prisoners and 17 wounded in the Battle of Martín García.",Yes,No,Implicit (reasoning required),Different,"In the first and bloodiest day (10th March 1814) of the Combate of Martín García, Jacinto de Romarate (frigate captain of Spanish royalist forces) successfully repelled the enemy's (forces of the United Provinces of the Río de la Plata) attack. They had 45 dead and 50 wounded. At 5:00 pm on 11th March 1814, Jacinto de Romarate sent a note to the commander of the Montevideo garrison Miguel de la Sierra (Spanish royalist), informing he had few casualties, four dead and seven wounded, he had disembarked on the island and judged that, given the losses suffered, as soon as the patriot fleet was in condition it would retreat to Buenos Aires. On 15th March 1814, the royalists had 10 dead, 7 wounded and 50 prisoners.
The Spanish Empire had 10 dead, 47 prisoners and 17 wounded in the Battle of Martín García.",Yes|No,Battle of Martín García,https://en.wikipedia.org/wiki/Battle_of_Martín_García
236,How many prisoners did the Spanish Empire have in the Battle of Martín García?,"In the first and bloodiest day (10th March 1814) of the Combate of Martín García, Jacinto de Romarate (frigate captain of Spanish royalist forces) successfully repelled the enemy's (forces of the United Provinces of the Río de la Plata) attack. They had 45 dead and 50 wounded. At 5:00 pm on 11th March 1814, Jacinto de Romarate sent a note to the commander of the Montevideo garrison Miguel de la Sierra (Spanish royalist), informing he had few casualties, four dead and seven wounded, he had disembarked on the island and judged that, given the losses suffered, as soon as the patriot fleet was in condition it would retreat to Buenos Aires. On 15th March 1814, the royalists had 10 dead, 7 wounded and 50 prisoners.","The Spanish Empire had 10 dead, 47 prisoners and 17 wounded in the Battle of Martín García.",50,47,Implicit (reasoning required),Different,"In the first and bloodiest day (10th March 1814) of the Combate of Martín García, Jacinto de Romarate (frigate captain of Spanish royalist forces) successfully repelled the enemy's (forces of the United Provinces of the Río de la Plata) attack. They had 45 dead and 50 wounded. At 5:00 pm on 11th March 1814, Jacinto de Romarate sent a note to the commander of the Montevideo garrison Miguel de la Sierra (Spanish royalist), informing he had few casualties, four dead and seven wounded, he had disembarked on the island and judged that, given the losses suffered, as soon as the patriot fleet was in condition it would retreat to Buenos Aires. On 15th March 1814, the royalists had 10 dead, 7 wounded and 50 prisoners.
The Spanish Empire had 10 dead, 47 prisoners and 17 wounded in the Battle of Martín García.",50|47,Battle of Martín García,https://en.wikipedia.org/wiki/Battle_of_Martín_García
237,Did the Spanish Empire have 50 prisoners in the Battle of Martín García?,"In the first and bloodiest day (10th March 1814) of the Combate of Martín García, Jacinto de Romarate (frigate captain of Spanish royalist forces) successfully repelled the enemy's (forces of the United Provinces of the Río de la Plata) attack. They had 45 dead and 50 wounded. At 5:00 pm on 11th March 1814, Jacinto de Romarate sent a note to the commander of the Montevideo garrison Miguel de la Sierra (Spanish royalist), informing he had few casualties, four dead and seven wounded, he had disembarked on the island and judged that, given the losses suffered, as soon as the patriot fleet was in condition it would retreat to Buenos Aires. On 15th March 1814, the royalists had 10 dead, 7 wounded and 50 prisoners.","The Spanish Empire had 10 dead, 47 prisoners and 17 wounded in the Battle of Martín García.",Yes,No,Implicit (reasoning required),Different,"In the first and bloodiest day (10th March 1814) of the Combate of Martín García, Jacinto de Romarate (frigate captain of Spanish royalist forces) successfully repelled the enemy's (forces of the United Provinces of the Río de la Plata) attack. They had 45 dead and 50 wounded. At 5:00 pm on 11th March 1814, Jacinto de Romarate sent a note to the commander of the Montevideo garrison Miguel de la Sierra (Spanish royalist), informing he had few casualties, four dead and seven wounded, he had disembarked on the island and judged that, given the losses suffered, as soon as the patriot fleet was in condition it would retreat to Buenos Aires. On 15th March 1814, the royalists had 10 dead, 7 wounded and 50 prisoners.
The Spanish Empire had 10 dead, 47 prisoners and 17 wounded in the Battle of Martín García.",Yes|No,Battle of Martín García,https://en.wikipedia.org/wiki/Battle_of_Martín_García
238,How many wounded did the Spanish Empire have in the Battle of Martín García?,"In the first and bloodiest day (10th March 1814) of the Combate of Martín García, Jacinto de Romarate (frigate captain of Spanish royalist forces) successfully repelled the enemy's (forces of the United Provinces of the Río de la Plata) attack. They had 45 dead and 50 wounded. At 5:00 pm on 11th March 1814, Jacinto de Romarate sent a note to the commander of the Montevideo garrison Miguel de la Sierra (Spanish royalist), informing he had few casualties, four dead and seven wounded, he had disembarked on the island and judged that, given the losses suffered, as soon as the patriot fleet was in condition it would retreat to Buenos Aires. On 15th March 1814, the royalists had 10 dead, 7 wounded and 50 prisoners.","The Spanish Empire had 10 dead, 47 prisoners and 17 wounded in the Battle of Martín García.",64,17,Implicit (reasoning required),Different,"In the first and bloodiest day (10th March 1814) of the Combate of Martín García, Jacinto de Romarate (frigate captain of Spanish royalist forces) successfully repelled the enemy's (forces of the United Provinces of the Río de la Plata) attack. They had 45 dead and 50 wounded. At 5:00 pm on 11th March 1814, Jacinto de Romarate sent a note to the commander of the Montevideo garrison Miguel de la Sierra (Spanish royalist), informing he had few casualties, four dead and seven wounded, he had disembarked on the island and judged that, given the losses suffered, as soon as the patriot fleet was in condition it would retreat to Buenos Aires. On 15th March 1814, the royalists had 10 dead, 7 wounded and 50 prisoners.
The Spanish Empire had 10 dead, 47 prisoners and 17 wounded in the Battle of Martín García.",64|17,Battle of Martín García,https://en.wikipedia.org/wiki/Battle_of_Martín_García
239,Did the Spanish Empire have 64 wounded in the Battle of Martín García?,"In the first and bloodiest day (10th March 1814) of the Combate of Martín García, Jacinto de Romarate (frigate captain of Spanish royalist forces) successfully repelled the enemy's (forces of the United Provinces of the Río de la Plata) attack. They had 45 dead and 50 wounded. At 5:00 pm on 11th March 1814, Jacinto de Romarate sent a note to the commander of the Montevideo garrison Miguel de la Sierra (Spanish royalist), informing he had few casualties, four dead and seven wounded, he had disembarked on the island and judged that, given the losses suffered, as soon as the patriot fleet was in condition it would retreat to Buenos Aires. On 15th March 1814, the royalists had 10 dead, 7 wounded and 50 prisoners.","The Spanish Empire had 10 dead, 47 prisoners and 17 wounded in the Battle of Martín García.",Yes,No,Implicit (reasoning required),Different,"In the first and bloodiest day (10th March 1814) of the Combate of Martín García, Jacinto de Romarate (frigate captain of Spanish royalist forces) successfully repelled the enemy's (forces of the United Provinces of the Río de la Plata) attack. They had 45 dead and 50 wounded. At 5:00 pm on 11th March 1814, Jacinto de Romarate sent a note to the commander of the Montevideo garrison Miguel de la Sierra (Spanish royalist), informing he had few casualties, four dead and seven wounded, he had disembarked on the island and judged that, given the losses suffered, as soon as the patriot fleet was in condition it would retreat to Buenos Aires. On 15th March 1814, the royalists had 10 dead, 7 wounded and 50 prisoners.
The Spanish Empire had 10 dead, 47 prisoners and 17 wounded in the Battle of Martín García.",Yes|No,Battle of Martín García,https://en.wikipedia.org/wiki/Battle_of_Martín_García
240,How many dead and wounded did the Spanish Empire have in the Battle of Martín García?,"In the first and bloodiest day (10th March 1814) of the Combate of Martín García, Jacinto de Romarate (frigate captain of Spanish royalist forces) successfully repelled the enemy's (forces of the United Provinces of the Río de la Plata) attack. They had 45 dead and 50 wounded. At 5:00 pm on 11th March 1814, Jacinto de Romarate sent a note to the commander of the Montevideo garrison Miguel de la Sierra (Spanish royalist), informing he had few casualties, four dead and seven wounded, he had disembarked on the island and judged that, given the losses suffered, as soon as the patriot fleet was in condition it would retreat to Buenos Aires. On 15th March 1814, the royalists had 10 dead, 7 wounded and 50 prisoners.","The Spanish Empire had 10 dead, 47 prisoners and 17 wounded in the Battle of Martín García.",59 dead and 64 wounded,10 dead and 17 wounded,Implicit (reasoning required),Different,"In the first and bloodiest day (10th March 1814) of the Combate of Martín García, Jacinto de Romarate (frigate captain of Spanish royalist forces) successfully repelled the enemy's (forces of the United Provinces of the Río de la Plata) attack. They had 45 dead and 50 wounded. At 5:00 pm on 11th March 1814, Jacinto de Romarate sent a note to the commander of the Montevideo garrison Miguel de la Sierra (Spanish royalist), informing he had few casualties, four dead and seven wounded, he had disembarked on the island and judged that, given the losses suffered, as soon as the patriot fleet was in condition it would retreat to Buenos Aires. On 15th March 1814, the royalists had 10 dead, 7 wounded and 50 prisoners.
The Spanish Empire had 10 dead, 47 prisoners and 17 wounded in the Battle of Martín García.",59 dead and 64 wounded|10 dead and 17 wounded,Battle of Martín García,https://en.wikipedia.org/wiki/Battle_of_Martín_García
241,Did the Spanish Empire have 59 dead and 64 wounded in the Battle of Martín García?,"In the first and bloodiest day (10th March 1814) of the Combate of Martín García, Jacinto de Romarate (frigate captain of Spanish royalist forces) successfully repelled the enemy's (forces of the United Provinces of the Río de la Plata) attack. They had 45 dead and 50 wounded. At 5:00 pm on 11th March 1814, Jacinto de Romarate sent a note to the commander of the Montevideo garrison Miguel de la Sierra (Spanish royalist), informing he had few casualties, four dead and seven wounded, he had disembarked on the island and judged that, given the losses suffered, as soon as the patriot fleet was in condition it would retreat to Buenos Aires. On 15th March 1814, the royalists had 10 dead, 7 wounded and 50 prisoners.","The Spanish Empire had 10 dead, 47 prisoners and 17 wounded in the Battle of Martín García.",Yes,No,Implicit (reasoning required),Different,"In the first and bloodiest day (10th March 1814) of the Combate of Martín García, Jacinto de Romarate (frigate captain of Spanish royalist forces) successfully repelled the enemy's (forces of the United Provinces of the Río de la Plata) attack. They had 45 dead and 50 wounded. At 5:00 pm on 11th March 1814, Jacinto de Romarate sent a note to the commander of the Montevideo garrison Miguel de la Sierra (Spanish royalist), informing he had few casualties, four dead and seven wounded, he had disembarked on the island and judged that, given the losses suffered, as soon as the patriot fleet was in condition it would retreat to Buenos Aires. On 15th March 1814, the royalists had 10 dead, 7 wounded and 50 prisoners.
The Spanish Empire had 10 dead, 47 prisoners and 17 wounded in the Battle of Martín García.",Yes|No,Battle of Martín García,https://en.wikipedia.org/wiki/Battle_of_Martín_García
242,How many dead and prisoners did the Spanish Empire have in the Battle of Martín García?,"In the first and bloodiest day (10th March 1814) of the Combate of Martín García, Jacinto de Romarate (frigate captain of Spanish royalist forces) successfully repelled the enemy's (forces of the United Provinces of the Río de la Plata) attack. They had 45 dead and 50 wounded. At 5:00 pm on 11th March 1814, Jacinto de Romarate sent a note to the commander of the Montevideo garrison Miguel de la Sierra (Spanish royalist), informing he had few casualties, four dead and seven wounded, he had disembarked on the island and judged that, given the losses suffered, as soon as the patriot fleet was in condition it would retreat to Buenos Aires. On 15th March 1814, the royalists had 10 dead, 7 wounded and 50 prisoners.","The Spanish Empire had 10 dead, 47 prisoners and 17 wounded in the Battle of Martín García.",59 dead and 50 prisoners,10 dead and 47 prisoners,Implicit (reasoning required),Different,"In the first and bloodiest day (10th March 1814) of the Combate of Martín García, Jacinto de Romarate (frigate captain of Spanish royalist forces) successfully repelled the enemy's (forces of the United Provinces of the Río de la Plata) attack. They had 45 dead and 50 wounded. At 5:00 pm on 11th March 1814, Jacinto de Romarate sent a note to the commander of the Montevideo garrison Miguel de la Sierra (Spanish royalist), informing he had few casualties, four dead and seven wounded, he had disembarked on the island and judged that, given the losses suffered, as soon as the patriot fleet was in condition it would retreat to Buenos Aires. On 15th March 1814, the royalists had 10 dead, 7 wounded and 50 prisoners.
The Spanish Empire had 10 dead, 47 prisoners and 17 wounded in the Battle of Martín García.",59 dead and 50 prisoners|10 dead and 47 prisoners,Battle of Martín García,https://en.wikipedia.org/wiki/Battle_of_Martín_García
243,How many prisoners and wounded did the Spanish Empire have in the Battle of Martín García?,"In the first and bloodiest day (10th March 1814) of the Combate of Martín García, Jacinto de Romarate (frigate captain of Spanish royalist forces) successfully repelled the enemy's (forces of the United Provinces of the Río de la Plata) attack. They had 45 dead and 50 wounded. At 5:00 pm on 11th March 1814, Jacinto de Romarate sent a note to the commander of the Montevideo garrison Miguel de la Sierra (Spanish royalist), informing he had few casualties, four dead and seven wounded, he had disembarked on the island and judged that, given the losses suffered, as soon as the patriot fleet was in condition it would retreat to Buenos Aires. On 15th March 1814, the royalists had 10 dead, 7 wounded and 50 prisoners.","The Spanish Empire had 10 dead, 47 prisoners and 17 wounded in the Battle of Martín García.",50 prisoners and 64 wounded,47 prisoners and 17 wounded,Implicit (reasoning required),Different,"In the first and bloodiest day (10th March 1814) of the Combate of Martín García, Jacinto de Romarate (frigate captain of Spanish royalist forces) successfully repelled the enemy's (forces of the United Provinces of the Río de la Plata) attack. They had 45 dead and 50 wounded. At 5:00 pm on 11th March 1814, Jacinto de Romarate sent a note to the commander of the Montevideo garrison Miguel de la Sierra (Spanish royalist), informing he had few casualties, four dead and seven wounded, he had disembarked on the island and judged that, given the losses suffered, as soon as the patriot fleet was in condition it would retreat to Buenos Aires. On 15th March 1814, the royalists had 10 dead, 7 wounded and 50 prisoners.
The Spanish Empire had 10 dead, 47 prisoners and 17 wounded in the Battle of Martín García.",50 prisoners and 64 wounded|47 prisoners and 17 wounded,Battle of Martín García,https://en.wikipedia.org/wiki/Battle_of_Martín_García
234,How many dead did the Spanish Empire have in the Battle of Martín García?,"In the first and bloodiest day (10th March 1814) of the Combate of Martín García, Jacinto de Romarate (frigate captain of Spanish royalist forces) successfully repelled the enemy's (forces of the United Provinces of the Río de la Plata) attack. They had 45 dead and 50 wounded. At 5:00 pm on 11th March 1814, Jacinto de Romarate sent a note to the commander of the Montevideo garrison Miguel de la Sierra (Spanish royalist), informing he had few casualties, four dead and seven wounded, he had disembarked on the island and judged that, given the losses suffered, as soon as the patriot fleet was in condition it would retreat to Buenos Aires. On 15th March 1814, the royalists had 10 dead, 7 wounded and 50 prisoners.","The Spanish Empire had 10 dead, 47 prisoners and 17 wounded in the Battle of Martín García.",59,10,Implicit (reasoning required),Different,"In the first and bloodiest day (10th March 1814) of the Combate of Martín García, Jacinto de Romarate (frigate captain of Spanish royalist forces) successfully repelled the enemy's (forces of the United Provinces of the Río de la Plata) attack. They had 45 dead and 50 wounded. At 5:00 pm on 11th March 1814, Jacinto de Romarate sent a note to the commander of the Montevideo garrison Miguel de la Sierra (Spanish royalist), informing he had few casualties, four dead and seven wounded, he had disembarked on the island and judged that, given the losses suffered, as soon as the patriot fleet was in condition it would retreat to Buenos Aires. On 15th March 1814, the royalists had 10 dead, 7 wounded and 50 prisoners.
The Spanish Empire had 10 dead, 47 prisoners and 17 wounded in the Battle of Martín García.",59|10,Battle of Martín García,https://en.wikipedia.org/wiki/Battle_of_Martín_García
245,Did Amanieu d'Albret participate in a papal conclave after 1503?,Amanieu d'Albret participated in the papal conclave of 1513 that elected Pope Leo X.,Amanieu d'Albret was one of the six cardinals who did not participate in the 1513 papal conclave.,Yes,No,Explicit,Different,"Amanieu d'Albret participated in the papal conclave of 1513 that elected Pope Leo X.
Amanieu d'Albret was one of the six cardinals who did not participate in the 1513 papal conclave.",Yes|No,Amanieu d'Albret,https://en.wikipedia.org/wiki/Amanieu_d'Albret
244,Did Amanieu d'Albret participate in the papal conclave of 1513?,Amanieu d'Albret participated in the papal conclave of 1513 that elected Pope Leo X.,Amanieu d'Albret was one of the six cardinals who did not participate in the 1513 papal conclave.,Yes,No,Explicit,Different,"Amanieu d'Albret participated in the papal conclave of 1513 that elected Pope Leo X.
Amanieu d'Albret was one of the six cardinals who did not participate in the 1513 papal conclave.",Yes|No,Amanieu d'Albret,https://en.wikipedia.org/wiki/Amanieu_d'Albret
247,Is Rakoti the Coptic name for Alexandria?,Alexandria (Coptic: Rakoti) is the second largest city in Egypt and the largest city on the Mediterranean coast.,"Rhakotis (from Coptic Rakotə, ""Alexandria"") was the old city that was absorbed into Alexandria.",Yes,No,Explicit,Different,"Alexandria (Coptic: Rakoti) is the second largest city in Egypt and the largest city on the Mediterranean coast.
Rhakotis (from Coptic Rakotə, ""Alexandria"") was the old city that was absorbed into Alexandria.",Yes|No,Alexandria,https://en.wikipedia.org/wiki/Alexandria
246,What is the Coptic name for Alexandria?,Alexandria (Coptic: Rakoti) is the second largest city in Egypt and the largest city on the Mediterranean coast.,"Rhakotis (from Coptic Rakotə, ""Alexandria"") was the old city that was absorbed into Alexandria.",Rakoti,Rhakotis,Explicit,Different,"Alexandria (Coptic: Rakoti) is the second largest city in Egypt and the largest city on the Mediterranean coast.
Rhakotis (from Coptic Rakotə, ""Alexandria"") was the old city that was absorbed into Alexandria.",Rakoti|Rhakotis,Alexandria,https://en.wikipedia.org/wiki/Alexandria
249,"Does the All Pakistan Federation of United Trade Unions have 652,723 members?","The All Pakistan Federation of United Trade Unions (APFUTU) is a national trade union centre in Pakistan. It was formed in 1992 and was registered by the National Industrial Relations Commission. The All Pakistan Federation of United Trade Unions has a membership of 652,723.","The All Pakistan Federation of United Trade Unions has 650,000 members.",Yes,No,Explicit,Different,"The All Pakistan Federation of United Trade Unions (APFUTU) is a national trade union centre in Pakistan. It was formed in 1992 and was registered by the National Industrial Relations Commission. The All Pakistan Federation of United Trade Unions has a membership of 652,723.
The All Pakistan Federation of United Trade Unions has 650,000 members.",Yes|No,All Pakistan Federation of United Trade Unions,https://en.wikipedia.org/wiki/All_Pakistan_Federation_of_United_Trade_Unions
248,How many member does the All Pakistan Federation of United Trade Unions have?,"The All Pakistan Federation of United Trade Unions (APFUTU) is a national trade union centre in Pakistan. It was formed in 1992 and was registered by the National Industrial Relations Commission. The All Pakistan Federation of United Trade Unions has a membership of 652,723.","The All Pakistan Federation of United Trade Unions has 650,000 members.","652,723","650,000",Explicit,Different,"The All Pakistan Federation of United Trade Unions (APFUTU) is a national trade union centre in Pakistan. It was formed in 1992 and was registered by the National Industrial Relations Commission. The All Pakistan Federation of United Trade Unions has a membership of 652,723.
The All Pakistan Federation of United Trade Unions has 650,000 members.","652,723|650,000",All Pakistan Federation of United Trade Unions,https://en.wikipedia.org/wiki/All_Pakistan_Federation_of_United_Trade_Unions
251,Does a type of alpha wave originate from the thalamus?,"A type of alpha wave activity is centered in the occipital lobe, although there has been speculation that it has a thalamic origin.","A type of alpha wave activity is centered in the occipital lobe, although there has been speculation that it has a thalamic origin.",No,Yes,Implicit (reasoning required),Same,"A type of alpha wave activity is centered in the occipital lobe, although there has been speculation that it has a thalamic origin.",No|Yes,Alpha wave,https://en.wikipedia.org/wiki/Alpha_wave
250,Where does a type of alpha wave originate from: occipital lobe or thalamus?,"A type of alpha wave activity is centered in the occipital lobe, although there has been speculation that it has a thalamic origin.","A type of alpha wave activity is centered in the occipital lobe, although there has been speculation that it has a thalamic origin.",occipital lobe,thalamus,Implicit (reasoning required),Same,"A type of alpha wave activity is centered in the occipital lobe, although there has been speculation that it has a thalamic origin.",occipital lobe|thalamus,Alpha wave,https://en.wikipedia.org/wiki/Alpha_wave
253,Is Angermünde 80 km far from Berlin?,"Angermünde is a town in the district of Uckermark in the state of Brandenburg, Germany. It is about 43 miles (69 km) northeast of Berlin, the capital of Germany.","Angermünde is located in the Uckermarck region, roughly 80 km north of Berlin.",No,Yes,Explicit,Different,"Angermünde is a town in the district of Uckermark in the state of Brandenburg, Germany. It is about 43 miles (69 km) northeast of Berlin, the capital of Germany.
Angermünde is located in the Uckermarck region, roughly 80 km north of Berlin.",No|Yes,Angermünde,https://en.wikipedia.org/wiki/Angermünde
252,How far is Angermünde from Berlin?,"Angermünde is a town in the district of Uckermark in the state of Brandenburg, Germany. It is about 43 miles (69 km) northeast of Berlin, the capital of Germany.","Angermünde is located in the Uckermarck region, roughly 80 km north of Berlin.",43 miles (69 km),80 km,Explicit,Different,"Angermünde is a town in the district of Uckermark in the state of Brandenburg, Germany. It is about 43 miles (69 km) northeast of Berlin, the capital of Germany.
Angermünde is located in the Uckermarck region, roughly 80 km north of Berlin.",43 miles (69 km)|80 km,Angermünde,https://en.wikipedia.org/wiki/Angermünde
